customer_id,customer_name,email,country,age
1,Ronald Mullen ,beth77@example.com,United States,51
2,Theresa Adams ,mathisvalerie@example.org,usa,47
3,Anna Steele ,kiddjoseph@example.com,United States,19
4,Katie Morales ,erichunt@example.net,USA,48
5,Jason Gonzalez ,amy14@example.net,usa,45
6,Kristen Wells ,jessica62@example.org,United States,24
7,Richard Gallagher ,mathewsjessica@example.com,usa,63
8,Robert Morgan ,ymoore@example.com,usa,22
9,Melissa Salazar ,vvasquez@example.com,USA,38
10,Tracy Sanders ,kennethschultz@example.net,United States,27
11,Lee Donovan ,tyoung@example.com,USA,26
12,Kelly Ball ,luis81@example.net,usa,57
13,Tyler Gonzales ,butlermatthew@example.net,United States,55
14,Sherry Moore ,amy86@example.net,United States,63
15,Amanda Sanchez ,moorepatricia@example.org,usa,42
16,James Leach MD ,upearson@example.com,United States,51
17,Gloria Davidson ,krista42@example.org,usa,47
18,Joseph White ,brooke47@example.com,United States,56
19,Heather Silva ,sarah69@example.org,usa,24
20,Jamie Higgins ,xgalloway@example.com,United States,25
21,Juan Ramirez ,william77@example.net,United States,59
22,Shannon Turner ,xvasquez@example.net,United States,64
23,Angela Terry ,mhogan@example.org,USA,45
24,Robin Duran ,greerjared@example.net,usa,32
25,Jack Garner DDS ,katherineclements@example.com,usa,39
26,Curtis Peck ,jamie47@example.net,usa,43
27,Richard Santos ,williamsmeredith@example.org,usa,64
28,Jessica Jones ,jamessmith@example.com,USA,38
29,Tina Lawson ,lrollins@example.org,usa,38
30,Rachel Jackson ,tfowler@example.com,United States,34
31,Rebecca Dickerson ,jenniferraymond@example.net,usa,27
32,Aaron Mckee ,christinesmith@example.com,United States,48
33,James Williams ,ramirezjohn@example.net,USA,23
34,Michael Beasley ,mendozachristine@example.com,USA,23
35,Matthew Woods ,anthony22@example.com,usa,24
36,Robert Clark ,mariogreen@example.org,United States,65
37,Lacey Arellano ,owebb@example.org,usa,69
38,Tracey Dawson ,arroyodaniel@example.com,USA,53
39,Wesley Crawford ,james90@example.com,USA,55
40,Dorothy Mack ,haley44@example.com,United States,53
41,Samuel Reyes ,matthewcarter@example.net,usa,60
42,Virginia King ,stanleyjessica@example.com,USA,44
43,Ryan Watson ,stephenjones@example.org,usa,60
44,Anthony Berry ,johnstonmary@example.com,usa,64
45,Chad Hodge ,fernandezjoseph@example.org,USA,36
46,Donna Evans ,scott70@example.org,United States,37
47,William Rodriguez ,zgarner@example.org,usa,24
48,Michael Hansen ,angela51@example.org,United States,50
49,Raymond Rollins ,keithbooth@example.net,USA,27
50,William Frank ,hnguyen@example.com,United States,48
51,Jennifer Lowe ,obailey@example.org,USA,24
52,Laura Serrano ,fernandezmelissa@example.org,usa,53
53,Timothy Salas ,ngreer@example.com,usa,25
54,Todd Thomas ,barbara29@example.net,usa,54
55,Sandra Parker ,jonesjason@example.com,USA,69
56,Shelley Savage ,robinsonhenry@example.org,usa,53
57,Timothy Cooper ,evansmatthew@example.com,United States,57
58,Katherine Hall ,payneashley@example.net,United States,59
59,Allen Moore ,kristinevans@example.com,United States,19
60,Daniel Bruce ,omitchell@example.com,United States,60
61,Nancy Wiley ,cameron10@example.org,United States,35
62,Joshua Durham ,brenda34@example.org,USA,29
63,Jessica Torres ,steven56@example.org,usa,62
64,Taylor Baldwin DDS ,pjenkins@example.net,usa,39
65,Spencer Smith ,michael07@example.com,usa,18
66,Jennifer Watson ,katherinethomas@example.com,USA,27
67,Maxwell Christian ,john05@example.org,United States,60
68,Edwin Lucas ,timothy42@example.com,usa,22
69,Taylor Gomez ,andrewbautista@example.com,USA,65
70,Sarah Bell ,bradfordjacqueline@example.org,United States,19
71,Jennifer Nichols ,petercuevas@example.com,USA,65
72,Alicia Singh ,bartonashley@example.com,United States,31
73,Hannah Lawson ,william47@example.com,usa,44
74,Andrea Williams ,smithjennifer@example.com,usa,39
75,Stacy Alexander ,rose81@example.com,USA,41
76,Bailey Burke ,davilabruce@example.org,usa,64
77,Cody Banks ,amyjones@example.org,usa,67
78,Bryan Webb ,hlarsen@example.net,United States,56
79,Luis Gray ,robinsonkelly@example.org,USA,21
80,Laura Johnson ,smithricardo@example.net,USA,28
81,Justin Lee ,xperez@example.com,United States,21
82,Kelli Greer ,rflynn@example.com,United States,23
83,Diane Lynch ,bishopryan@example.net,usa,46
84,Elizabeth Walls ,stevenwebb@example.org,United States,45
85,Joshua Brown ,kayla03@example.org,usa,56
86,Ryan Dickson ,greenalexis@example.com,usa,44
87,Brandon Baxter ,whitelori@example.com,usa,31
88,Hayley Huang ,wwilson@example.org,United States,25
89,Cindy Harris ,iboyer@example.net,usa,45
90,Candace Davis ,ejenkins@example.org,USA,36
91,Charles Grant ,sierrasimon@example.com,United States,61
92,Angel Gardner ,pamela40@example.org,United States,49
93,Michael Galvan ,daniel82@example.com,United States,60
94,Christopher Harris ,bsimon@example.net,usa,20
95,Ryan Bowen ,rachael66@example.org,USA,43
96,Shelby Wyatt ,janice19@example.net,United States,21
97,Lynn Pittman ,nreyes@example.com,USA,31
98,Michael Taylor ,michael33@example.com,usa,31
99,Daniel Hopkins ,castrolauren@example.net,USA,66
100,Troy Leach ,weaverwilliam@example.com,usa,36
101,Brooke Parker ,ytorres@example.org,usa,25
102,Tiffany Love ,robertmack@example.net,USA,49
103,Richard Bruce ,dchase@example.net,United States,45
104,Sean Jones ,fjenkins@example.com,USA,26
105,Allison Koch ,bdavis@example.net,usa,52
106,Stacy Kramer ,susanjordan@example.net,United States,32
107,Samantha Weeks ,ericwalker@example.org,United States,53
108,James Andrade ,uandrews@example.com,United States,69
109,Mr. Michael Knapp MD ,ilarsen@example.net,usa,22
110,Michael Davenport ,jamesolivia@example.net,usa,65
111,Michael Hamilton ,pedrowood@example.com,USA,45
112,Edward Andrews ,rrivera@example.net,USA,47
113,Justin Smith ,marccruz@example.org,USA,38
114,Angel Benitez ,tyler93@example.net,United States,45
115,Joe Caldwell ,phillipjimenez@example.org,United States,43
116,Donald Myers ,christopher93@example.net,United States,58
117,Susan Valencia ,micheal72@example.com,usa,36
118,Cassidy Payne DVM ,lindachambers@example.com,USA,43
119,Connie Cooley ,ricejeffrey@example.net,USA,38
120,Yvonne Carr ,ejones@example.net,USA,69
121,Abigail Mcmahon ,dawnlong@example.com,United States,47
122,Dr. Gary Brown ,jesse08@example.com,United States,41
123,Amanda Bridges ,barry44@example.net,USA,45
124,John Mercado ,gabriella05@example.org,USA,33
125,Michael Lee ,bjohnson@example.net,usa,55
126,Norma Richardson ,james25@example.net,usa,51
127,Vincent Wilkerson ,robertgarcia@example.com,USA,43
128,Kristin Saunders ,upeterson@example.net,usa,65
129,Michelle Chan ,marissasutton@example.com,usa,32
130,Patricia Velazquez ,mariagraham@example.com,usa,67
131,Wendy Huynh ,brownrichard@example.net,USA,22
132,Bradley Washington ,jennifer36@example.net,United States,58
133,Kelly Mcdaniel DDS ,susancarter@example.com,USA,51
134,Michael Navarro ,nromero@example.org,United States,30
135,Bryce Bentley ,blakefitzpatrick@example.com,usa,40
136,Alexandra Johnson ,robin70@example.com,United States,70
137,Gabriel Finley ,zrosario@example.net,United States,70
138,Christopher Clark ,sawyerelizabeth@example.com,USA,33
139,Katrina Brown ,tony89@example.org,USA,27
140,Jason Clark ,ebuchanan@example.net,usa,30
141,Lacey Wallace ,danielwilliams@example.net,USA,56
142,Jason Rogers ,kendra41@example.net,USA,66
143,Jessica Holden ,barbara45@example.org,United States,22
144,Lisa Hall ,delgadocourtney@example.net,USA,67
145,Timothy Palmer ,margaretcoleman@example.org,United States,49
146,Andrew Lyons ,georgegabriel@example.org,usa,66
147,Amanda Cardenas ,valerie40@example.net,United States,66
148,Mark Cobb ,schmidtdanielle@example.org,United States,46
149,Christopher Garcia ,linda05@example.net,United States,54
150,Rebecca Jenkins ,gateskevin@example.net,United States,58
151,Thomas Middleton ,wendy74@example.net,United States,38
152,Monica Mccall ,flloyd@example.org,United States,38
153,Corey Andrews ,williamhammond@example.net,USA,46
154,Michael Cruz ,ryannichols@example.net,USA,48
155,Michael Gutierrez ,steven41@example.com,usa,58
156,Felicia Underwood DVM ,mmills@example.com,usa,68
157,Andrew Everett ,xmorales@example.net,usa,55
158,Mark Santos ,omartinez@example.com,USA,40
159,Jessica Harvey ,xclark@example.org,United States,22
160,Travis Brown ,kathleen33@example.net,usa,47
161,Michael Lopez ,johnwoodward@example.org,usa,20
162,Daniel Thomas ,williamskatherine@example.net,USA,41
163,Katherine Downs ,gregory95@example.com,usa,22
164,Alicia Bradley ,sjackson@example.com,United States,23
165,Carrie Morris ,ireyes@example.com,United States,56
166,Joshua Gillespie ,ojohnson@example.com,United States,42
167,Zachary Waters ,johnsonsean@example.com,usa,55
168,Mr. Andrew Escobar ,hannah16@example.com,United States,68
169,Jose Morgan ,xfrye@example.com,United States,20
170,Robert Carter ,jeremy73@example.com,usa,69
171,Tiffany Williams ,brownkenneth@example.com,United States,59
172,Melissa Drake ,jaredbell@example.net,USA,38
173,Vickie Hall ,wattsdaniel@example.net,United States,48
174,Jose Strong ,benjamin58@example.com,United States,27
175,James Suarez ,rhodesmegan@example.org,USA,46
176,Courtney Welch ,amandasmith@example.org,USA,69
177,Edward Allison ,martinrhonda@example.org,usa,63
178,Anthony Mcdaniel ,ctate@example.org,USA,50
179,Benjamin Watson ,moorekelli@example.org,United States,29
180,Devin Rodriguez ,wilsonmorgan@example.org,USA,33
181,Cindy Jackson ,matthew83@example.org,United States,46
182,Bryan Mclaughlin ,aaron14@example.net,usa,51
183,George Adams ,stacysantos@example.org,United States,57
184,Jonathan Morris ,sdavis@example.org,USA,41
185,Sharon Boyd ,scott67@example.com,usa,36
186,Kevin Bowers ,melissalopez@example.com,usa,44
187,Elizabeth Smith ,marthajohnson@example.com,usa,61
188,Laura Jackson ,sheilamartinez@example.com,United States,21
189,Kenneth Clark ,mconway@example.net,United States,59
190,Marissa Hall ,goldenelizabeth@example.org,usa,22
191,Anna Baker ,donald01@example.org,usa,24
192,Jamie Proctor ,nathanielboyle@example.org,United States,61
193,Carl Arnold ,cohenalexandra@example.org,usa,36
194,Kimberly Vega DDS ,campbelldarren@example.net,usa,64
195,Randy Carr ,hsmith@example.org,United States,56
196,Brenda Barker ,monique08@example.com,USA,39
197,Brianna Villegas ,alisha43@example.com,USA,55
198,Alexander Wood ,xmurphy@example.net,United States,27
199,Jasmin Torres ,qbrown@example.net,usa,37
200,Eric Lewis ,justinthomas@example.com,United States,62
201,Jennifer Frank ,christopher22@example.net,United States,43
202,Mia Mcguire ,hopkinstyler@example.net,USA,56
203,Jonathan Paul ,victoriacombs@example.com,United States,23
204,Daniel Wilson ,danieltammy@example.com,usa,53
205,Richard Mason ,yangjonathan@example.org,usa,59
206,Robert Anderson ,leblancbryan@example.org,usa,70
207,Melissa Aguilar ,smcintosh@example.com,USA,60
208,Jeff Simpson ,troy98@example.com,United States,65
209,Leah Davis ,mortonkatie@example.com,United States,51
210,Lauren Cole ,peggy30@example.org,USA,59
211,Mark Singleton ,nwatkins@example.net,United States,45
212,Bobby Johnston ,teresa84@example.com,United States,41
213,Amber Williams ,moniquedominguez@example.com,USA,41
214,Todd Yoder ,gonzalesmorgan@example.com,usa,29
215,Brian Thornton ,brownstephanie@example.com,USA,39
216,Anthony Haynes ,ireese@example.net,usa,30
217,Joseph Adams ,susan49@example.com,USA,26
218,Christina Bradley ,wilsonmonica@example.net,USA,22
219,Christina Willis ,amandajohnson@example.com,usa,68
220,Janet Jensen ,omartin@example.org,USA,50
221,Billy Brown ,zwhitaker@example.org,United States,65
222,Edward Flores ,virginia68@example.net,United States,20
223,Eric Morales ,timothy04@example.org,United States,39
224,Erika Maddox ,unguyen@example.org,United States,26
225,Nathan Smith ,daviswhitney@example.net,United States,42
226,Jeffrey Ortiz ,yperry@example.org,USA,28
227,Kimberly Smith ,vhunter@example.com,USA,62
228,Michelle Morris ,austinlarson@example.org,United States,69
229,Patricia Stone ,bmartinez@example.org,USA,64
230,Elizabeth Landry ,david94@example.com,usa,20
231,James Stephens ,robert13@example.net,usa,41
232,Brandon Allen ,nshelton@example.net,United States,64
233,David Weiss ,hlittle@example.org,USA,46
234,Nicole Myers ,scottmartin@example.com,United States,36
235,Lisa Benson ,oconnorkristen@example.net,United States,68
236,Gwendolyn Hampton ,mario04@example.com,usa,32
237,Joshua Thomas ,julielambert@example.com,United States,33
238,Joseph Smith ,taylor27@example.com,usa,69
239,Christie Jacobs ,claudiasantiago@example.net,usa,30
240,Ryan West ,hwest@example.net,usa,61
241,Tonya Weaver ,hromero@example.net,United States,46
242,Timothy Reilly ,samuelcarter@example.com,usa,67
243,Brenda Gonzales ,jonhamilton@example.org,usa,67
244,Sara Collins ,bduke@example.net,usa,50
245,Vanessa Stephens ,mccluremichelle@example.org,United States,44
246,Tammy Henderson ,jenniferroberts@example.org,USA,70
247,Bruce Osborne ,williamlewis@example.net,USA,69
248,Christian Morales ,alexandersnyder@example.com,United States,26
249,Stacey Porter ,stephaniejoseph@example.net,usa,21
250,Benjamin Sharp ,msmith@example.com,United States,48
251,Ashley Wallace ,shirleycarr@example.com,usa,53
252,Diane Cobb ,carol41@example.com,USA,63
253,Richard Acosta ,brian93@example.org,United States,25
254,Victor Lewis ,allengary@example.org,usa,23
255,Shelly Schaefer ,fjohnson@example.org,USA,35
256,Miss Katelyn Howell ,phillip12@example.org,usa,50
257,Dr. Vincent Campos ,denise29@example.net,USA,45
258,Misty Mendoza ,scott21@example.org,USA,32
259,Ashley Walls ,allenwendy@example.net,usa,40
260,Sarah Collins ,charlene05@example.net,USA,44
261,Michelle Lewis ,james17@example.com,USA,43
262,Jeremy Harper ,harrisnancy@example.org,United States,41
263,Jacob Allen ,melinda01@example.com,USA,42
264,Ryan Mendez ,james16@example.com,USA,41
265,Jessica Atkins ,wolfeshannon@example.com,USA,19
266,Brent Ferguson ,jasondavis@example.org,usa,24
267,Michael Davis ,boyddustin@example.org,United States,59
268,Bradley Floyd ,rowelaura@example.org,usa,68
269,Sylvia Foster ,swhite@example.org,USA,26
270,Kelly Pena ,grimesrhonda@example.com,USA,36
271,Carla Sullivan ,jamesgarcia@example.net,usa,62
272,David Lynch ,pamela78@example.net,USA,66
273,Joanna Martin ,barberdavid@example.net,United States,48
274,Johnny Joseph ,jeffreyevans@example.org,usa,57
275,Kelly Perez ,james26@example.com,USA,23
276,Nicholas Wright ,susanbrown@example.com,USA,34
277,Alexandra Stephens ,efox@example.net,USA,27
278,Amber Davila ,blakeisaiah@example.com,United States,64
279,Miguel Cain ,john01@example.net,United States,51
280,Joseph Johnson ,perrybrandi@example.org,usa,25
281,Danielle Smith ,mary67@example.org,usa,33
282,Lori Davis ,sarah97@example.net,usa,25
283,James Gonzales ,millsgary@example.net,USA,33
284,Michael Adams ,jensenchelsea@example.org,usa,58
285,Kevin Ward ,janetjohnson@example.com,United States,47
286,Donald French ,steelebradley@example.net,USA,25
287,Jeffrey Oneal ,briley@example.com,usa,56
288,Holly Johnson ,wendydavis@example.com,United States,19
289,Karen Villa ,amanda46@example.org,United States,50
290,Bradley Wilson ,kevinbooth@example.net,United States,33
291,Troy Romero ,jamesschroeder@example.com,United States,27
292,Amy Long ,ramosmichael@example.net,usa,45
293,Renee Torres ,shelly04@example.com,USA,57
294,Timothy Mcgrath ,priceholly@example.com,usa,33
295,Jamie Sullivan ,anthonyparker@example.com,United States,44
296,Kristine Thompson ,kandrews@example.com,USA,60
297,Raymond Davis ,gspencer@example.net,United States,23
298,Susan Johns ,jenniferbrown@example.com,United States,41
299,Billy Davis ,barronpriscilla@example.com,USA,51
300,Jeffery Lindsey ,kelly13@example.com,United States,50
301,Megan James ,sarabrown@example.net,United States,53
302,Andrea Rasmussen ,nancyyoung@example.net,USA,42
303,Shannon Jordan ,chad33@example.org,usa,20
304,Angela Sullivan ,christopher49@example.org,United States,42
305,Ethan Flores ,thoffman@example.net,usa,34
306,Shelby Moody ,lindsey75@example.org,United States,19
307,Krystal Kim ,gmills@example.com,usa,68
308,Aimee Frey ,vaughncristina@example.org,USA,40
309,Jason Novak ,jacquelinegarcia@example.com,USA,64
310,Christina Dennis ,tonya82@example.org,United States,58
311,Jesse Abbott ,loveandre@example.org,USA,67
312,Marcus Williams ,ifranklin@example.net,United States,65
313,Ricardo Yates ,owilliams@example.net,usa,26
314,Derek Jackson ,pamelacardenas@example.com,USA,40
315,Michael Snyder ,hortonevelyn@example.org,United States,39
316,Michael Wheeler ,butlermark@example.org,United States,29
317,Judy Allen ,campbellbrad@example.net,United States,47
318,Carrie Taylor ,hawkinspatricia@example.org,United States,48
319,Bruce Davis ,carol84@example.net,United States,29
320,Jacob Marsh ,marcusrodriguez@example.net,USA,22
321,Amber Turner ,xperry@example.org,United States,67
322,Kevin Wood ,gonzalezjonathan@example.net,usa,20
323,Daniel Bender ,kevin48@example.net,usa,30
324,Brittany Hobbs ,brett95@example.net,USA,68
325,Pamela Murphy ,lewisdavid@example.org,USA,20
326,Tammy Aguilar ,castilloeric@example.net,usa,37
327,Gregory Fuentes ,josephhill@example.com,United States,43
328,Nicole Lopez ,kelly73@example.com,United States,48
329,Tara Harris ,mooreanna@example.com,usa,20
330,Gary Santiago ,joseph91@example.com,United States,30
331,Tracy Sanders ,dianarodriguez@example.org,usa,40
332,Samantha Smith ,tiffanygarcia@example.org,USA,59
333,Vanessa Morris ,evan28@example.net,usa,35
334,Michael Clark ,stevencabrera@example.com,USA,69
335,Bonnie Patterson ,xsmith@example.com,usa,45
336,Eric Garcia ,laura98@example.com,usa,65
337,Patricia Gilbert ,rpatterson@example.org,usa,42
338,Matthew Wu ,lhensley@example.com,usa,29
339,Theresa Smith ,huangtyler@example.com,usa,62
340,Kelly Dunn ,pottermorgan@example.org,usa,41
341,Sandra Perkins ,lyonserin@example.org,United States,35
342,Holly Smith ,nathaniellee@example.com,USA,64
343,Ms. Sara Cox ,thomas75@example.com,usa,23
344,Samuel Smith ,sarah33@example.com,usa,56
345,Christopher Cervantes ,dcarlson@example.net,USA,52
346,Brittany Walker ,omills@example.net,usa,38
347,Brent Reyes ,staceyknight@example.org,USA,23
348,Melanie Sexton ,xtaylor@example.net,usa,60
349,Mr. Larry Jones ,clarkmatthew@example.com,usa,37
350,Gregory Berry ,amanda31@example.org,usa,56
351,Justin Diaz ,pprice@example.org,United States,45
352,Kaitlin Scott ,glennjanet@example.org,USA,62
353,Tim Anderson ,kelliejimenez@example.com,usa,40
354,Samuel Fischer ,uchan@example.com,usa,20
355,Diane Wilson ,cheryl69@example.org,United States,40
356,Rachel Miller ,veronicaclarke@example.com,United States,45
357,Brandy Moore ,brian11@example.net,usa,58
358,Glenn Scott ,greeves@example.com,USA,22
359,Ricky Conrad ,tammyramirez@example.org,United States,58
360,Amy Hanson ,paulivan@example.com,usa,41
361,Timothy Wright ,srodriguez@example.org,United States,69
362,Gary Acosta ,freymark@example.com,United States,61
363,Deanna Phillips ,crussell@example.org,USA,19
364,Shannon Cooper ,marissa64@example.com,USA,56
365,Julia Gardner ,zamorazachary@example.net,United States,68
366,Nichole Bell ,cookematthew@example.org,usa,20
367,Brandon Montgomery ,ashleyadams@example.net,USA,22
368,Terry Jones ,harrisonmichael@example.com,USA,67
369,Christine Diaz ,ffarley@example.com,United States,41
370,Jonathan Sanchez ,michael46@example.org,usa,42
371,Elizabeth Davis ,rosssamantha@example.org,United States,20
372,Yvette Ball ,jessica59@example.com,United States,27
373,Ashley Perez ,watsonangela@example.com,United States,46
374,Mike Hill ,moorecassandra@example.com,usa,41
375,Amy Thomas ,mwood@example.org,usa,66
376,Carol Cruz ,alvarezkathryn@example.org,USA,54
377,Jason Roberts ,erinellis@example.org,USA,51
378,Michael Richardson ,jeffrey22@example.net,usa,43
379,Austin Osborne ,peter49@example.org,usa,59
380,Teresa Gomez ,coltonmalone@example.org,usa,33
381,Lonnie Anderson ,ocannon@example.net,USA,19
382,Teresa Davis ,qhenry@example.com,United States,29
383,Andrew Hopkins ,rwebb@example.com,usa,51
384,Marcus Ryan ,melissa93@example.com,usa,53
385,Teresa Perkins ,brandonbrooks@example.org,USA,34
386,Holly Young ,smithrobert@example.net,usa,63
387,Robert Frank ,hlewis@example.org,usa,31
388,Michael Williams ,heathmike@example.com,United States,36
389,Debra Barrett ,ryansmith@example.org,United States,49
390,Jason Campbell ,lsalas@example.net,USA,25
391,Monica Clark ,davidjenkins@example.com,USA,22
392,Michael Anthony ,maureenwade@example.net,usa,29
393,Michelle Hopkins ,xgonzalez@example.net,United States,46
394,Monica Wagner ,zphillips@example.com,USA,69
395,Madison Ballard ,mbates@example.org,United States,38
396,Ryan Diaz ,okelly@example.org,United States,40
397,Calvin Day ,evancummings@example.net,United States,22
398,Justin Cardenas ,cynthiacastillo@example.org,United States,52
399,Douglas Jimenez ,sherry75@example.net,usa,37
400,Robert Vargas ,lhall@example.org,USA,63
401,Joshua Hubbard ,rschneider@example.com,United States,62
402,Mark Medina ,jeremy99@example.com,United States,29
403,Richard Diaz ,andrewfleming@example.com,usa,50
404,Kenneth Farley ,paul04@example.net,USA,25
405,Julia Harris ,frank96@example.net,USA,68
406,Michael Gibson ,wongsteven@example.net,USA,33
407,Robert Moran ,carmen68@example.net,usa,19
408,Eddie Strickland ,aguilarharold@example.org,usa,53
409,Gary Hernandez ,gconley@example.net,United States,41
410,Mr. Christopher Reese PhD ,ericamorales@example.com,usa,69
411,John Bradley ,benitezbenjamin@example.org,United States,26
412,Eileen Manning ,jonessamuel@example.org,United States,23
413,Jennifer Pena ,fmckay@example.com,USA,37
414,Joseph Matthews ,bhooper@example.org,usa,63
415,Sergio Hansen ,kennethmaldonado@example.org,United States,48
416,Emily Kelly ,jennifercox@example.com,United States,44
417,Carl Martinez ,christopherbenjamin@example.net,usa,70
418,James Nguyen ,gabrielle01@example.org,United States,22
419,Miguel Shelton ,mcculloughbrian@example.com,USA,38
420,Sarah Lee ,ygonzales@example.com,United States,22
421,David Riley ,velazquezlisa@example.com,usa,47
422,Tracy Valdez ,scottthomas@example.com,United States,51
423,Jimmy Coleman ,nicholas15@example.com,usa,26
424,Tyler Huber ,elizabethbishop@example.com,United States,58
425,Larry Robles ,walkerkaren@example.net,United States,29
426,Theresa Spencer ,john18@example.com,USA,45
427,Gwendolyn Herrera ,tsnow@example.com,United States,21
428,James Mcdonald ,umiller@example.org,USA,51
429,Christopher Lopez ,heatherolson@example.org,USA,37
430,Daniel Green ,sarah44@example.net,USA,28
431,Robert Fleming ,michael04@example.com,usa,63
432,Jared Sims ,laurabutler@example.org,USA,40
433,Lori Preston ,kathryn70@example.net,United States,36
434,Jeremiah Rodriguez ,sarahwilson@example.org,USA,34
435,Samantha Evans ,christian93@example.com,USA,58
436,Crystal Sullivan ,amy25@example.net,United States,35
437,Richard Hall ,dlopez@example.org,USA,58
438,Kristine Wells ,jasonsmith@example.net,usa,57
439,Walter Green ,crystal17@example.net,United States,23
440,Dennis Ruiz ,emily70@example.org,United States,59
441,Joshua Gaines ,logan91@example.org,USA,55
442,James Rogers ,martinezsusan@example.net,United States,27
443,Jesus Cardenas ,russellchristensen@example.com,USA,60
444,Ryan King ,enguyen@example.com,United States,64
445,Chelsea Ortiz ,tonyapatterson@example.com,United States,39
446,Monica Hodges MD ,peterbarnes@example.org,United States,20
447,Russell Evans ,cynthialyons@example.org,USA,23
448,Brent Moore ,snyderveronica@example.org,USA,59
449,Hailey Jones ,gwilson@example.net,United States,34
450,Roberto Glenn ,meagan07@example.com,United States,31
451,Jill Robbins ,ashleyrodriguez@example.org,United States,44
452,Brandon Rose ,brian73@example.org,United States,58
453,Lauren Hahn ,stephanielynch@example.org,USA,49
454,Jennifer Fuller ,kristin49@example.org,United States,52
455,Charles Vargas ,ywilliams@example.org,usa,59
456,Melissa Stein ,millertyler@example.org,usa,48
457,Elizabeth Haas ,tjenkins@example.net,USA,69
458,Hayden Murphy ,emily21@example.org,United States,43
459,Marilyn Diaz ,ronaldlopez@example.net,usa,47
460,Christopher Rice ,sfletcher@example.com,USA,62
461,Susan Haley ,andersondavid@example.com,USA,28
462,Jennifer Bowman ,brockcynthia@example.org,usa,44
463,Gabrielle Lopez ,ernestweber@example.net,usa,47
464,Ryan Goodman ,alan06@example.com,USA,39
465,Jennifer Hess ,snavarro@example.org,United States,27
466,Mark Jones ,thomasbautista@example.org,usa,63
467,Katie Hines ,jasongardner@example.org,usa,64
468,Breanna Rodriguez ,blake20@example.com,usa,43
469,John Carpenter ,qdominguez@example.org,USA,66
470,Christina Trevino ,ljones@example.org,usa,50
471,Devon Hamilton ,hutchinsonkevin@example.org,United States,24
472,Amy Burns ,heather04@example.org,usa,33
473,Jeffrey Sandoval ,garnerchristopher@example.org,usa,25
474,Shannon Thomas ,lindahernandez@example.org,usa,46
475,Anne Gibbs ,lroy@example.net,USA,27
476,Carrie Baker ,nstafford@example.com,USA,21
477,Lisa Travis ,ishaw@example.org,usa,42
478,Douglas Hogan ,xsims@example.org,United States,44
479,Ashley Hernandez ,rodriguezchad@example.com,USA,28
480,Robert Murray ,morrisgabrielle@example.org,usa,54
481,Patrick Wells ,john57@example.org,United States,38
482,Mary Rodriguez ,gomezjeremy@example.org,USA,66
483,Jonathan Mckee ,nancy00@example.net,USA,49
484,James Fitzpatrick ,reginajohnson@example.com,United States,47
485,Linda Sims ,chelsey05@example.com,usa,37
486,Jose Hicks ,hunterandersen@example.net,usa,19
487,Paige Smith ,lfaulkner@example.org,USA,43
488,Justin White ,jeremy56@example.com,United States,47
489,Vincent Kelley ,zsingh@example.net,USA,31
490,Wendy Rios ,kathleen98@example.net,United States,40
491,Kylie Carter ,xwilson@example.org,USA,21
492,Cynthia Martin ,travis79@example.com,usa,49
493,Jennifer Lee ,zpoole@example.com,United States,59
494,Tina Patton ,eric60@example.com,United States,48
495,Paul Todd ,ramseyruben@example.org,usa,52
496,Shannon Martinez ,josemcmahon@example.com,USA,24
497,Katie Hancock ,griffithkeith@example.org,usa,26
498,David Ashley ,morriserica@example.com,usa,64
499,Regina Fisher ,lee83@example.com,usa,66
500,Jeffrey Cooper ,judith13@example.org,usa,41
501,Nicole Morales ,matthew04@example.net,USA,43
502,Joshua Copeland ,rosalescrystal@example.net,USA,54
503,Matthew Hall ,millerpatricia@example.org,United States,30
504,Thomas Jones ,andersonmelanie@example.net,usa,53
505,Deborah Randall ,amurphy@example.org,usa,22
506,Tonya Mccormick ,anacurtis@example.net,usa,50
507,Brittney Williams ,victoriamartinez@example.org,usa,66
508,Gregory Gilbert ,hinesvanessa@example.com,United States,35
509,David Gray ,michaelgonzalez@example.net,United States,61
510,Dr. Evan Walker IV ,johnbennett@example.net,United States,25
511,Phillip Thomas ,herreralisa@example.org,USA,24
512,Edward Novak ,ellislinda@example.net,usa,41
513,John Harmon ,michaelhall@example.net,usa,53
514,Ana Quinn ,joelstokes@example.net,usa,66
515,Sara Ramsey ,mruiz@example.org,USA,30
516,Gregory Anthony ,wuhaley@example.com,United States,50
517,Charles Oneill ,jodyknox@example.net,usa,50
518,Marcus Lozano ,kristindouglas@example.net,USA,20
519,Donna Bennett ,justin83@example.org,USA,26
520,Danielle Hernandez ,nancygarcia@example.org,United States,39
521,Albert Lang ,sjackson@example.org,usa,51
522,Robert Whitney ,hillrebecca@example.com,usa,27
523,Rhonda Davis ,penningtonlori@example.org,United States,50
524,Joanne Rivas DDS ,oscarjones@example.org,USA,38
525,James Bush ,brian61@example.com,United States,38
526,Roy Beck ,marykelly@example.org,USA,43
527,Frances Zavala ,ahardy@example.com,United States,65
528,Laura Silva ,kimberly05@example.com,usa,55
529,Michael Gutierrez ,brenda56@example.org,usa,50
530,Kristin Thompson ,apriljohnson@example.com,United States,52
531,Larry Drake ,phamilton@example.org,usa,63
532,Jay Smith ,amanda51@example.net,United States,37
533,Jeffery Harper ,eric84@example.net,usa,70
534,Bruce Daniels ,cooksandra@example.org,USA,41
535,Dr. Michelle Hale ,asingh@example.net,usa,61
536,Leah Reynolds ,denisearroyo@example.com,USA,44
537,Cody Moody ,robert76@example.com,United States,37
538,Karen King ,kathleencarroll@example.org,United States,62
539,Sonia Macdonald DDS ,jarcher@example.net,United States,19
540,Arthur Tran ,wthompson@example.com,United States,48
541,Terry Walton ,monicapearson@example.org,usa,59
542,Andrea Savage MD ,sgates@example.org,United States,54
543,Heather Williams ,bquinn@example.org,USA,64
544,Russell Howe ,leesamuel@example.com,USA,55
545,Andrew Castillo ,rwilliams@example.com,usa,28
546,Brittney Myers ,marialong@example.org,United States,58
547,Seth Berg ,gomezjohn@example.org,United States,57
548,Brian Gordon ,belllisa@example.net,usa,27
549,Erin Hoffman ,james16@example.org,United States,33
550,Anthony Walker ,christopher25@example.com,USA,54
551,Jonathan Ellison ,nmiller@example.com,United States,25
552,Sheila Garcia ,johnmartin@example.com,USA,19
553,John Mills ,xscott@example.net,usa,38
554,Leah Bowen ,summersjavier@example.org,usa,27
555,Jack Taylor ,aallen@example.net,usa,62
556,Travis Lee ,deanbrittney@example.org,USA,44
557,Javier Williams ,jose73@example.com,United States,67
558,Wendy Hodge MD ,mcbridedonald@example.org,United States,48
559,Anne Burke ,jreese@example.net,United States,64
560,Patricia Knight ,qvazquez@example.org,USA,63
561,Walter Reeves ,bonnie36@example.net,USA,51
562,Carol Turner ,ramosmarvin@example.com,USA,53
563,Adam Mcdonald ,nmartinez@example.org,usa,60
564,Anna Perez ,briana90@example.org,usa,51
565,Sean Young ,stephanie79@example.com,usa,38
566,Heather Mayer ,jon13@example.com,USA,47
567,Keith Hood ,bakersherry@example.net,United States,39
568,David Waters ,lacevedo@example.org,United States,40
569,Sara Rodriguez ,jennifer46@example.net,United States,67
570,Charlotte Lopez ,amy68@example.net,United States,61
571,Briana Romero ,jwilliams@example.org,United States,69
572,Elizabeth Sherman ,harringtonjohn@example.org,United States,34
573,John Gill ,austinjohnson@example.com,United States,48
574,Jeffrey Davis ,andrew19@example.org,USA,33
575,Jon Russell PhD ,zsnyder@example.org,usa,53
576,Chelsea Salinas ,clarkjennifer@example.net,usa,32
577,Adam Palmer ,donnadavis@example.org,usa,67
578,Roger Herrera ,brittanyflowers@example.com,usa,63
579,Scott Sanchez ,lhammond@example.org,USA,62
580,David Dawson ,thomashuff@example.net,United States,49
581,Tony Ewing ,hgibson@example.com,usa,48
582,Elizabeth Smith ,walkerjuan@example.net,usa,53
583,Tanya Johnson ,leeevan@example.org,United States,35
584,Dr. Kelly Mitchell ,lhale@example.com,usa,25
585,Dr. Bruce Smith MD ,jonescathy@example.org,United States,61
586,Michael Walker ,qgomez@example.org,United States,42
587,James Roberts ,diaznorma@example.com,usa,70
588,Stephanie Hernandez ,omartinez@example.net,usa,67
589,Paula Parsons ,dylan35@example.com,USA,36
590,Hannah Larson ,colemaneric@example.net,USA,36
591,Sean Lee ,clucas@example.com,United States,23
592,George Hamilton ,vbrown@example.com,usa,46
593,Jesse Jones ,christinaburke@example.org,United States,34
594,Crystal Miller ,dannyking@example.net,United States,48
595,Jason Watson ,zimmermandouglas@example.com,USA,30
596,Thomas Banks ,bkramer@example.net,United States,35
597,Amy Bowman ,jacksondavid@example.org,United States,62
598,Nathaniel Taylor ,michael84@example.net,usa,26
599,Corey Brown ,ljenkins@example.org,USA,57
600,Jenna Benton ,jay69@example.com,United States,55
601,Patrick Ellis ,zachary12@example.net,USA,33
602,Kathleen Mays ,eileen65@example.org,USA,60
603,Kenneth Ramsey ,wrightlisa@example.org,United States,32
604,Nicholas Mcgrath ,paigethompson@example.com,United States,32
605,Dennis Yang ,hollowayolivia@example.org,USA,24
606,Lindsay Shelton ,robertpalmer@example.net,usa,39
607,Hayley Campbell ,stevensstephen@example.org,United States,48
608,Travis Rogers ,janice98@example.org,USA,61
609,Nicholas Cordova ,angelaortiz@example.org,USA,18
610,Linda Williams ,gparker@example.org,United States,28
611,Debra Powell ,ashleyrobinson@example.com,usa,59
612,Rachel Johnson ,davischristine@example.com,usa,48
613,Aaron Mcdonald ,lawrencebonilla@example.net,United States,30
614,Stanley Ford ,ohaney@example.org,usa,38
615,Carrie Brown ,judymitchell@example.org,usa,59
616,Dylan Harris ,julie95@example.com,USA,67
617,Stephanie Prince ,hollanddavid@example.com,USA,59
618,Courtney Graham ,gomezroger@example.org,United States,32
619,Joshua Gonzales ,kellybullock@example.net,United States,65
620,Caleb Matthews ,daniel54@example.org,United States,20
621,Shannon Thomas ,nmcdowell@example.net,USA,44
622,John Potter ,michael95@example.org,USA,20
623,Dwayne Williams ,michael93@example.net,usa,68
624,Christopher Guzman ,thomasmichael@example.com,usa,29
625,Whitney Romero ,kimjane@example.net,United States,36
626,Mary Walton ,terrance67@example.org,USA,18
627,Sarah Pennington ,michellesmith@example.org,usa,54
628,Rachel Gibson ,sarah00@example.com,United States,24
629,Ashley Turner ,anthony94@example.org,usa,36
630,Angela Costa ,sanchezsarah@example.net,usa,59
631,Kevin Velasquez ,rodrigueznancy@example.org,United States,51
632,Richard Chandler ,angeladuke@example.org,usa,26
633,Mark Reynolds ,harveydavid@example.net,United States,47
634,Rebecca Camacho ,ballen@example.org,usa,30
635,Stacy Mullins ,tracylevine@example.com,USA,39
636,Brenda Morrow ,dawnmills@example.org,USA,64
637,Paula Ramos ,ehill@example.net,usa,59
638,Darius King ,kenneth33@example.org,usa,63
639,Michael Williams ,donald56@example.net,USA,18
640,Alan Black ,vwatkins@example.org,United States,39
641,James Mann ,clarkbrad@example.org,usa,54
642,Thomas Baker ,isimmons@example.org,United States,66
643,Marc Cortez ,uburch@example.net,USA,29
644,Kevin Freeman ,coreyyoung@example.net,United States,58
645,Clayton Chambers ,ryan37@example.org,usa,70
646,Christopher Long ,parkersusan@example.net,usa,50
647,Daniel Wright ,davidandrews@example.com,usa,23
648,Dillon Howard ,stevecunningham@example.org,usa,60
649,Sarah Powell ,xdelgado@example.com,USA,29
650,Donald Gomez ,matthewbooth@example.com,USA,48
651,Katherine Clark ,gibsonjesse@example.net,usa,33
652,David Morgan ,ryansimmons@example.net,USA,34
653,Harry Brown ,fshort@example.org,usa,33
654,Sandra Williams ,elizabeth21@example.net,usa,66
655,Kayla Gates ,waltermichael@example.net,usa,39
656,Chase Johnson ,heathergreene@example.net,usa,55
657,Linda Sutton ,karenlong@example.net,United States,54
658,Andrew Hartman ,garciastephanie@example.com,USA,34
659,Eddie Stevenson ,kevinphillips@example.net,United States,41
660,Roy Reynolds ,rachelhamilton@example.net,United States,33
661,Alexis Marsh ,hbrown@example.net,USA,60
662,Lindsey Scott ,tammy19@example.com,USA,47
663,Taylor Smith ,julie06@example.org,usa,28
664,Elizabeth Cooper ,cmorales@example.com,usa,61
665,Russell Wilkinson ,justin50@example.net,United States,63
666,Troy Wheeler ,yolanda42@example.org,usa,62
667,Theresa Buck ,michael51@example.com,USA,58
668,Allison Lewis ,danielsheather@example.com,usa,41
669,Daniel Cooper MD ,margaret25@example.org,United States,32
670,Jason White ,porterapril@example.net,USA,26
671,Kelsey Rodriguez ,frostaaron@example.net,usa,27
672,Patrick Miles ,paulwalls@example.org,usa,65
673,Michael Terry ,adkinstimothy@example.com,United States,41
674,Nicholas Holden ,zpalmer@example.com,usa,62
675,Kathryn Fox ,robinsontony@example.com,United States,48
676,Jordan Miller ,amywood@example.net,United States,69
677,James Conley ,aaron81@example.org,United States,70
678,Paul Drake ,travisrice@example.com,USA,66
679,Mrs. Angel Goodman MD ,fwilson@example.net,USA,61
680,Larry Chapman ,xgibson@example.org,United States,68
681,Adam Barnes ,tamara04@example.com,USA,51
682,Erin Smith ,greenchristopher@example.org,usa,51
683,Amy Harris ,schneiderjennifer@example.org,United States,41
684,Jeffrey White ,carpenterlori@example.net,USA,54
685,Kaitlin Barker ,whernandez@example.com,USA,21
686,Anne Ward ,vsmith@example.org,United States,50
687,Geoffrey Rodgers ,fwhite@example.com,USA,54
688,Steven Lopez DVM ,jennifer55@example.org,United States,27
689,Michael Meyers ,kaitlin67@example.net,USA,38
690,Cathy Castro ,iodonnell@example.net,United States,46
691,Valerie Guerrero ,sgriffith@example.com,USA,61
692,Sarah Phillips ,mackenzieallen@example.com,USA,63
693,Cindy Cochran ,tuckerkayla@example.com,United States,49
694,Elizabeth Cross ,donnahoward@example.net,USA,50
695,Tamara Gibson ,bruceharper@example.net,usa,69
696,Heather Griffin ,maurice70@example.net,USA,47
697,Erin Gallagher ,andrewford@example.com,USA,50
698,Theresa Hardy ,melissa67@example.org,usa,47
699,Mrs. Lisa Deleon ,rrussell@example.org,United States,21
700,Larry Woods ,susan83@example.net,United States,47
701,Michael Bryant ,justinrobinson@example.org,United States,69
702,Andrew Collins ,gonzalezchase@example.org,usa,64
703,Margaret Carpenter ,johnsonchristine@example.com,USA,43
704,Jeffrey Morgan ,xreynolds@example.org,usa,70
705,Todd Buckley ,gsanchez@example.com,USA,65
706,Mary Ryan ,kimberly92@example.org,USA,55
707,Douglas Spence ,xcasey@example.com,USA,20
708,Jeffrey Whitney ,wesley08@example.net,usa,40
709,Ashley Pena ,millerkenneth@example.net,United States,22
710,Molly Melton ,raymichelle@example.com,United States,21
711,Emma Potter ,oheath@example.org,USA,48
712,Michael West ,garrettjason@example.net,USA,36
713,Selena Townsend ,gwright@example.net,usa,29
714,Christopher Parker ,zachary26@example.net,USA,67
715,Rachel Jackson ,janeweaver@example.org,United States,64
716,Jennifer Jordan ,castillokimberly@example.net,United States,44
717,Eric Zamora ,bakersamantha@example.net,usa,42
718,Phillip Mills ,wmendoza@example.org,usa,42
719,Jason Cook ,osmith@example.com,usa,23
720,Roger Meyer ,maureenowens@example.com,United States,60
721,Jamie Kemp ,tracy11@example.net,United States,26
722,Jeremy Hamilton ,jamesjohn@example.org,United States,40
723,Danielle Krause ,michaelrobertson@example.org,USA,29
724,Gina Bryan ,amandaoliver@example.net,United States,43
725,James Lin ,anthonysamantha@example.org,United States,26
726,Michael Bowen ,mwilliams@example.net,United States,32
727,Tanner Taylor ,nancy98@example.net,USA,66
728,Bryan Griffin ,pughlisa@example.net,USA,37
729,Christopher Jennings ,michaelmatthews@example.net,usa,61
730,Lisa Tucker ,shannon67@example.com,United States,52
731,Hailey Fisher ,freemanstephen@example.org,usa,52
732,Julian Reyes ,ystanley@example.org,usa,70
733,Charles Larsen ,brittany75@example.com,USA,33
734,Teresa Williams ,martinezrichard@example.net,usa,40
735,Crystal House ,cstone@example.com,USA,35
736,Dawn Morrison ,jean19@example.com,USA,64
737,April Benson ,gordonlisa@example.com,USA,20
738,Wendy Walker ,rstrong@example.org,United States,44
739,Jeffrey Williams ,stephenrivera@example.com,United States,67
740,Kayla Phillips ,stewartmelody@example.org,USA,33
741,Patrick Vincent ,halesamantha@example.com,USA,22
742,Kenneth White ,lhicks@example.com,USA,56
743,Thomas Gardner ,edwardedwards@example.org,USA,46
744,Richard Walton ,johnlevy@example.com,United States,61
745,David Snow ,whill@example.com,United States,21
746,James Burton ,qbaker@example.net,USA,65
747,Kelly Lowe ,jorgewilliams@example.com,USA,43
748,Samantha Russell ,katherine31@example.net,usa,32
749,Krista Mills ,leedavid@example.org,United States,31
750,Beth Williams ,anna83@example.net,USA,26
751,Michael Hunter ,lmiller@example.net,United States,36
752,Emily Ingram ,dustin72@example.net,USA,70
753,Eric Berger ,claytonmelissa@example.net,United States,54
754,Jason Jones ,allensamantha@example.com,usa,54
755,Brandy Weaver ,kenneth06@example.net,United States,67
756,Savannah Gonzalez DDS ,jamie73@example.net,United States,70
757,Edward Butler ,georgematthew@example.org,usa,33
758,Katherine Crosby ,andreatownsend@example.com,usa,27
759,Matthew Jones ,stewartjorge@example.com,United States,51
760,Jeremy Kennedy ,knightdebra@example.org,USA,44
761,Michael Drake ,jeffreylopez@example.net,usa,35
762,Deanna Hernandez ,brendaparker@example.com,USA,53
763,Antonio Brown ,dshaw@example.org,United States,65
764,Tony Mcfarland ,erivera@example.com,USA,58
765,Jordan Johnson ,jdiaz@example.com,United States,45
766,Jenny Herrera ,patricia48@example.net,United States,49
767,Jodi Palmer ,amanda71@example.net,USA,40
768,Courtney Acosta ,melissa43@example.com,United States,60
769,Angel Robinson ,nicholaswright@example.org,usa,68
770,Lauren Cooper ,theresa18@example.org,United States,38
771,Nancy Orr ,jeremywilliams@example.net,United States,44
772,Sally Johnson ,jesusbranch@example.net,usa,27
773,Keith Cunningham ,gmartin@example.com,usa,42
774,Felicia Smith ,vevans@example.org,USA,66
775,Timothy Harper ,staceyjenkins@example.net,United States,48
776,Gail Berry ,samuelschneider@example.org,USA,32
777,Matthew Dixon ,justinsmith@example.net,usa,63
778,Patrick Jacobs ,amanda38@example.org,USA,69
779,Barbara Reynolds ,lloydalicia@example.net,usa,21
780,Michael Kelly ,stephenedwards@example.net,United States,44
781,Corey Bennett ,matthewzimmerman@example.net,usa,53
782,Chad Reeves ,kristinfernandez@example.org,United States,26
783,Katie Gibson ,jcoleman@example.com,usa,33
784,Brian Raymond ,willie25@example.org,usa,31
785,Lauren Carr ,richard36@example.com,usa,59
786,Ryan Schmidt ,sarah05@example.com,USA,46
787,Dale Joyce ,ellisonjeremy@example.org,usa,23
788,Sean Bush PhD ,jonathanberry@example.net,United States,64
789,Paul Bell ,brandy17@example.org,USA,21
790,Jeffrey Lewis ,rwilson@example.net,usa,42
791,Gary Duncan ,jgonzalez@example.com,United States,56
792,Lawrence Richardson ,adamschristine@example.org,United States,20
793,Jeffery Robertson ,vpowell@example.net,USA,30
794,Linda Coleman ,martinezleonard@example.net,United States,64
795,Jennifer Russell ,todd65@example.org,United States,53
796,Lisa Hale ,ldouglas@example.net,USA,48
797,Jennifer Johnson ,tiffany13@example.com,USA,39
798,Gary Perez ,tammy86@example.net,usa,18
799,Andrew Weber ,shafferjorge@example.net,USA,30
800,Mary Tanner ,matthewsjulie@example.net,United States,25
801,Corey Robinson II ,tandrews@example.org,United States,66
802,Julia Robinson ,shanecarter@example.com,usa,33
803,Timothy Pitts ,gardnertiffany@example.org,United States,56
804,Brittany Cunningham ,opierce@example.org,United States,31
805,Amanda Jackson ,johnsonricky@example.net,usa,33
806,Calvin Griffin ,georgebrooks@example.org,United States,38
807,Brandon Black ,smaynard@example.net,usa,42
808,Anna Jones ,ecruz@example.net,usa,52
809,Rodney Young ,eballard@example.net,United States,40
810,Mary Gibbs ,melissa34@example.org,usa,34
811,Crystal Morris ,oeaton@example.com,usa,50
812,Michael Turner ,michaeljohnson@example.net,usa,47
813,Mary Hancock ,christopher80@example.net,USA,69
814,Debra Saunders ,nicolediaz@example.com,United States,48
815,Crystal Griffin ,daniellemontgomery@example.com,usa,31
816,Katie Watkins ,scott68@example.net,usa,38
817,John Daniel ,johnbarton@example.org,usa,20
818,Barbara Roberts ,brianodonnell@example.com,United States,32
819,Henry Foster ,usmith@example.org,United States,27
820,Hannah Dunn ,hnelson@example.net,USA,34
821,Russell Meza ,michelle01@example.net,United States,55
822,Nicole Bailey ,jacobssarah@example.com,United States,64
823,Terry Blake ,perrysara@example.net,usa,36
824,Kevin Wood ,lreeves@example.net,USA,30
825,Jeremy Morrison ,kingnicholas@example.net,usa,32
826,Deborah Dennis ,courtneyneal@example.org,usa,54
827,Zachary Underwood ,sandra58@example.org,USA,49
828,Joshua Cooley ,travis08@example.com,United States,59
829,Lorraine Barton ,justin62@example.com,United States,39
830,Ryan Rodriguez ,gfisher@example.org,usa,66
831,Stacey Hughes ,margaretjackson@example.com,usa,64
832,Christopher Cox ,cochrankristin@example.com,United States,65
833,Tracey Long ,rebeccastephens@example.com,usa,47
834,Jennifer Morris ,ygriffith@example.net,USA,64
835,Terri Holmes ,willisjared@example.org,usa,28
836,Gary White ,jodi72@example.com,USA,64
837,Wayne Parker ,muellersherry@example.org,United States,49
838,Katherine Campos ,rmartinez@example.net,USA,52
839,Derek Travis ,fpotter@example.net,United States,21
840,Allison Mason ,paulbarber@example.com,United States,20
841,Christopher Hayes ,mfrancis@example.com,USA,70
842,Edward Hayes ,davidbarnett@example.net,United States,21
843,Thomas Webb ,jonesjose@example.org,USA,44
844,Lauren Jones ,wpearson@example.com,USA,58
845,Charles Wise ,trose@example.com,USA,22
846,Whitney Lara ,xsmith@example.net,United States,27
847,James Valenzuela ,colemanrachel@example.com,USA,31
848,Tamara Smith ,tinaweber@example.net,United States,47
849,William Burton ,tmiller@example.com,usa,21
850,Timothy Griffith ,brandonhill@example.com,United States,58
851,Anthony Deleon ,wgarcia@example.org,United States,57
852,Tammy Dominguez ,lortega@example.net,usa,60
853,James Gonzalez ,charlesfranklin@example.com,usa,19
854,Lisa Patrick ,andradeanne@example.org,USA,52
855,Ruben Green ,hornejason@example.org,United States,44
856,Alison Morris ,shanefletcher@example.org,USA,19
857,Trevor Rojas ,morrisonkelly@example.com,United States,64
858,Scott Mckinney ,robert75@example.com,usa,52
859,Elizabeth Barrera ,mosstamara@example.org,usa,19
860,Jonathan Swanson ,sherry72@example.org,United States,70
861,Ian Macias DVM ,gonzalesjohn@example.org,United States,61
862,Rachel Harmon ,christopherhubbard@example.com,usa,69
863,Sandra Romero ,tracieroberts@example.org,USA,24
864,Emily Walters MD ,jamesflores@example.net,USA,51
865,Carolyn Norman ,john41@example.org,USA,33
866,Gregory Watson ,wpope@example.com,USA,57
867,Courtney Hudson ,mcbrideanita@example.net,United States,34
868,Corey Smith ,amandaburton@example.org,usa,35
869,Angela Daniels ,henryjones@example.org,usa,23
870,Miranda Johnson ,darrell33@example.com,usa,43
871,Miss Tamara Hays PhD ,joshua79@example.net,usa,54
872,Becky Clark ,stewartsean@example.com,USA,62
873,Robert Perez ,esummers@example.com,USA,37
874,Angela Adams ,lchan@example.org,United States,70
875,David Lewis ,thomas48@example.org,USA,59
876,Tina Larsen ,briangibbs@example.org,United States,66
877,Amanda Bailey ,isingleton@example.net,USA,23
878,Catherine Blair ,blake73@example.net,usa,42
879,Patrick Johnston ,lindsey42@example.org,usa,53
880,George Walton ,brittany08@example.net,usa,21
881,Andrea Becker ,jason63@example.net,United States,18
882,Zachary Hahn MD ,ggilbert@example.com,United States,28
883,Teresa Mcgrath ,laura61@example.net,USA,49
884,Lisa Parker ,freemanchristopher@example.com,usa,59
885,Kristi Bullock ,bmurphy@example.net,usa,54
886,Amber Jacobson ,claudia22@example.com,USA,51
887,Kathleen Rose ,schaefermichael@example.net,USA,32
888,Felicia Smith ,clarkaustin@example.org,USA,62
889,Theresa Carey ,tzamora@example.net,United States,48
890,Amanda Hines ,pmarsh@example.com,usa,20
891,Ashley Acosta ,andrecarter@example.org,USA,61
892,Aaron Thomas ,jessica83@example.com,usa,52
893,Jacob Ware ,fhoward@example.org,United States,60
894,Cheryl Jones ,gregorycaldwell@example.net,USA,29
895,Kathryn Knight ,samantha69@example.com,usa,19
896,Michael Gomez ,ghickman@example.net,USA,55
897,Joseph Fowler ,brooksholly@example.org,USA,66
898,Anthony Thompson ,javierwhite@example.com,United States,70
899,Elizabeth Taylor ,browningstephanie@example.org,usa,22
900,Laura Trevino ,murphypamela@example.net,usa,28
901,Kelsey Fowler ,john67@example.org,United States,33
902,Karen Gonzalez ,danielwood@example.com,United States,42
903,Cynthia Church ,nicholas29@example.com,United States,52
904,Fred Porter ,jessica27@example.net,usa,42
905,Katherine Cervantes ,ojohnson@example.com,United States,26
906,Alejandro Velasquez ,hthomas@example.org,United States,64
907,David Dorsey ,gyoung@example.net,USA,50
908,Dr. Nathan Howard ,roserush@example.net,United States,40
909,Brandon Pierce ,matthew50@example.net,USA,24
910,Daniel Marshall ,frederickjoshua@example.com,usa,32
911,Rebecca Howe ,tsmith@example.com,USA,39
912,Andrea Adams ,pricerebecca@example.net,United States,67
913,Christopher Ingram ,gwiley@example.com,United States,56
914,Kyle Parsons ,campbellrebecca@example.com,usa,67
915,Natalie Henry ,srobbins@example.org,usa,19
916,Charlotte Bender ,collinswillie@example.com,United States,35
917,Victoria Gibbs ,michelle17@example.net,usa,49
918,Dr. Melissa Stephenson DDS ,zallen@example.com,USA,40
919,John Graves ,edgarvillanueva@example.net,United States,42
920,Ryan Little ,swansonbrendan@example.org,usa,29
921,Jessica Schultz ,joshua45@example.net,United States,55
922,Shannon Velazquez ,madelinearmstrong@example.org,United States,42
923,Vanessa Martinez ,mjordan@example.com,USA,67
924,David Patel ,johnbrowning@example.org,United States,36
925,Christian Thomas ,nicholas28@example.org,USA,63
926,William Evans ,spalmer@example.org,USA,23
927,Danny Lopez ,philipscott@example.com,usa,27
928,Samuel Henderson ,alexander00@example.org,usa,63
929,Peter Watson ,nicholas26@example.org,United States,27
930,Ruben Barnes ,khardy@example.org,United States,42
931,Stephanie Martin ,xmiller@example.com,usa,41
932,George Roberson ,tammy58@example.org,USA,23
933,Travis Garza ,crogers@example.org,USA,37
934,Jason Palmer II ,andrew31@example.org,usa,41
935,Adam Acevedo ,andersonrobert@example.net,usa,24
936,Desiree Thompson ,harpergrace@example.org,USA,23
937,Nicholas Jennings ,mauricemason@example.com,USA,45
938,Clayton Hall ,mcdonaldjay@example.org,usa,53
939,Victor Campbell ,elizabeth18@example.com,United States,50
940,Vanessa Knox ,mcook@example.net,usa,24
941,Breanna Barry ,borr@example.net,USA,23
942,Misty Hodge ,villegasdale@example.net,usa,53
943,Jacob Walker ,nschneider@example.com,USA,56
944,Bradley Pearson ,wyoung@example.net,United States,68
945,Peter Bryant ,johnprice@example.org,usa,42
946,Mary Cruz ,stevenwilliams@example.org,USA,36
947,Justin James ,perezdustin@example.org,usa,42
948,Bryan Brown ,georgeherrera@example.com,USA,64
949,Melanie Johnson ,garrettlaura@example.com,United States,33
950,David Barker ,suarezmichelle@example.net,United States,51
951,Gary Watson PhD ,nathanielthompson@example.org,USA,61
952,Jamie Crane ,stephanie54@example.com,usa,28
953,Caleb Jones ,bakerannette@example.com,USA,35
954,Angela Mccarty ,sydneyduncan@example.com,usa,35
955,Carol Schmidt ,stokesdebra@example.org,usa,27
956,Jesus Nelson ,johnstonmelissa@example.org,USA,28
957,Omar Baker ,xanderson@example.net,usa,35
958,Molly Hall ,joshua81@example.org,usa,37
959,Rhonda Martin ,ntownsend@example.org,usa,68
960,Betty Dixon ,jeremiahmclean@example.net,USA,41
961,Alec Williams ,benjaminrodriguez@example.com,usa,33
962,Patricia Adams ,debbiemurphy@example.com,United States,58
963,Ian Clark ,chelsearamos@example.net,usa,56
964,Connie Hill ,jefferyjackson@example.com,United States,30
965,Jack Vincent ,ovillegas@example.com,usa,24
966,Derek Rodriguez ,smallaaron@example.com,USA,37
967,Michael Patel ,matthew89@example.com,USA,43
968,Jenny Johnson ,eric57@example.org,usa,57
969,Angela Holland ,amberjackson@example.net,usa,69
970,Patricia Reed ,david70@example.net,usa,46
971,Richard Rogers ,maddentrevor@example.org,usa,45
972,Tony Ortega ,shelbywebb@example.org,United States,56
973,Christopher Brown ,leonard98@example.net,USA,37
974,Peter Sampson ,shannonshaw@example.com,usa,56
975,Justin Graves ,ppatterson@example.com,United States,30
976,Julia Orozco ,lanecassandra@example.net,usa,38
977,Elizabeth Wood ,alexandergonzales@example.org,USA,43
978,Isaac Hester ,rodgerslindsey@example.net,usa,36
979,Sherry Ramirez ,johnneal@example.org,United States,62
980,Charles Jones ,wrightcourtney@example.org,United States,49
981,Barbara Jones ,dyeralyssa@example.org,United States,68
982,Mackenzie Smith ,shawna07@example.com,USA,38
983,Jermaine Kelly ,jordan42@example.net,usa,35
984,Nicole Espinoza ,balldanielle@example.net,usa,41
985,Christopher Mcdonald ,nreese@example.net,USA,54
986,Stacey Knox ,jperkins@example.com,USA,55
987,Brandon Briggs ,xcastillo@example.org,United States,29
988,Deborah Richardson ,kristina60@example.com,United States,67
989,Taylor Brown ,gpatel@example.org,United States,19
990,James Frederick ,michael08@example.org,United States,47
991,Brandon Smith ,meyersjames@example.org,United States,31
992,Melissa Logan ,reillychristy@example.org,usa,69
993,Kathryn Whitaker ,johnbrown@example.org,usa,62
994,Jonathon Reed ,ruizbrian@example.org,USA,70
995,Alexis Brown MD ,mcarter@example.net,usa,61
996,Eric Black ,stefanie96@example.com,usa,26
997,Tammie Galvan ,jschultz@example.org,United States,37
998,Robert Johnson ,downsjames@example.com,USA,34
999,Edward Foster ,nicholsgreg@example.org,United States,27
1000,Amanda Brown ,shane98@example.com,United States,45
1001,Tony Kelly ,jlewis@example.net,usa,22
1002,Victoria Sanders ,jessegriffith@example.com,usa,56
1003,Joseph Park ,justin30@example.org,usa,55
1004,Kristin Lawson ,dmcclure@example.net,usa,52
1005,Brandon Phelps ,julianvalentine@example.org,United States,62
1006,Thomas Tapia ,ibernard@example.org,usa,52
1007,Emily Lee ,christopher48@example.com,USA,68
1008,Diana Torres ,olsongary@example.net,usa,62
1009,Jessica Harrington ,grahamdavid@example.com,United States,56
1010,Justin Hicks ,jessicaharrell@example.net,United States,23
1011,Courtney Ball ,wclay@example.net,USA,67
1012,Stephen Gates ,johnsonwhitney@example.org,USA,60
1013,Alexandra Gray ,amberwarner@example.org,United States,40
1014,Melissa Fitzgerald ,campbelljason@example.org,USA,59
1015,Amber Rubio ,buckleykrista@example.com,United States,20
1016,Meghan Vincent ,wallen@example.org,United States,59
1017,John Scott ,cindy94@example.net,United States,59
1018,Adrienne Jones ,kellybell@example.org,usa,66
1019,Tyrone Williams ,cmoss@example.net,usa,68
1020,Yolanda Phillips ,gerald32@example.com,usa,24
1021,Jeffrey Hughes ,laurasmith@example.org,USA,24
1022,Thomas Coleman ,ryan85@example.com,usa,32
1023,Shane Kaufman ,frazierdanny@example.org,United States,65
1024,Mr. Evan Rivera ,morganpatrick@example.net,United States,53
1025,Rita Lowe ,melanieobrien@example.org,United States,62
1026,William Oneal ,davisdouglas@example.com,United States,32
1027,Ryan Hunt ,kristenherring@example.org,usa,41
1028,Dawn Cole ,angelacummings@example.org,usa,47
1029,Kevin Chavez ,briggsfranklin@example.org,United States,55
1030,Howard Mitchell ,larryrussell@example.net,United States,50
1031,Adam Smith ,michael47@example.net,USA,40
1032,Brent Harris ,nelliott@example.com,USA,48
1033,Debra Barton ,rebeccaharper@example.org,USA,36
1034,Rachael Cooper ,jmartin@example.net,usa,23
1035,Peter Green ,wilsontroy@example.com,USA,64
1036,Kayla Nelson ,qlopez@example.net,USA,40
1037,Sara Daugherty ,mescobar@example.com,usa,39
1038,John Brown ,carlaallen@example.com,usa,68
1039,Maria Jones ,nolankimberly@example.com,USA,51
1040,Andrea Duncan ,parsonsdean@example.net,usa,40
1041,Mary Ortiz ,aaron34@example.org,usa,24
1042,Jacob Carpenter ,rharris@example.com,usa,64
1043,Elizabeth Acosta ,dorothygarcia@example.com,United States,46
1044,Grace Smith ,jacksonlori@example.net,usa,22
1045,Dr. Christopher Casey PhD ,adambond@example.com,usa,20
1046,Katherine Wilson ,ahale@example.com,United States,25
1047,Joshua Gardner ,angelamiddleton@example.net,USA,39
1048,Crystal Parks ,tgutierrez@example.org,United States,24
1049,Lucas Smith ,marvinjohnson@example.net,United States,69
1050,Joel Payne ,smartin@example.org,USA,65
1051,Heather Cervantes ,lfaulkner@example.net,USA,51
1052,John Rice ,alexanderveronica@example.org,USA,53
1053,Travis Robinson ,jessica21@example.net,USA,39
1054,Jennifer Harris ,amyshah@example.net,United States,45
1055,Amber Contreras ,rrussell@example.org,usa,32
1056,Alexander Hayes MD ,brookerocha@example.net,usa,58
1057,Travis Crane ,ktucker@example.org,USA,29
1058,Patricia Bryan ,chadmiller@example.com,United States,60
1059,Jenna Johnson DDS ,whitakerbradley@example.com,usa,43
1060,Kristin Cervantes ,lcarroll@example.com,USA,65
1061,Jasmine Smith ,taylor43@example.org,United States,30
1062,Barbara Burns ,adammartinez@example.net,usa,55
1063,Maria Roy ,riddleryan@example.org,usa,42
1064,Dan Fisher ,baileyann@example.com,USA,63
1065,Erika Myers ,xbrown@example.com,USA,31
1066,Catherine Lopez ,aaronbennett@example.org,usa,66
1067,Jessica Brown ,bethmedina@example.net,United States,69
1068,Julie Barrett ,abigailvelez@example.net,USA,54
1069,Amanda Moore ,kristen00@example.net,USA,69
1070,David Cox ,morrisemma@example.net,United States,29
1071,Michelle Parrish ,courtney54@example.org,usa,38
1072,Amy Walker ,robertmay@example.com,USA,47
1073,Laura White ,glovermatthew@example.org,USA,34
1074,Melinda Chavez ,vbishop@example.net,United States,49
1075,Matthew Patrick ,maryblackwell@example.org,United States,58
1076,Brian Schmidt ,kbrown@example.net,usa,56
1077,Claire Thomas ,kimmendoza@example.net,usa,57
1078,Linda Zhang ,sheri18@example.net,usa,55
1079,Phyllis Carroll ,kayleevalentine@example.net,USA,40
1080,Christopher Benson ,chrismurray@example.net,usa,47
1081,Colleen Pace ,samanthaharris@example.com,United States,29
1082,Amy Collins ,guerrajoseph@example.org,United States,63
1083,Mr. Danny Powell ,moralesmaria@example.com,usa,57
1084,Andrew Jones ,odomjames@example.org,United States,23
1085,Gabrielle Webb ,frank98@example.net,United States,26
1086,Anne Pacheco ,samanthacobb@example.net,usa,25
1087,Steven Roberts ,andreanguyen@example.com,USA,37
1088,Katherine Price ,danielburke@example.net,USA,29
1089,Lee Cruz ,vwalker@example.com,usa,62
1090,Tonya Graham ,karilarsen@example.net,USA,50
1091,Susan Thomas ,brewergreg@example.org,usa,44
1092,Jacqueline Vang MD ,andersonamber@example.org,United States,26
1093,Leslie Proctor ,vazquezsean@example.com,United States,42
1094,Brett Perez ,margaret40@example.org,usa,29
1095,Adam Douglas ,yoderbenjamin@example.com,usa,58
1096,Brian Fuentes ,zlarsen@example.com,United States,62
1097,Andrew Mason ,valerie28@example.com,United States,29
1098,Laura Nunez ,alexandergallagher@example.org,United States,28
1099,Emily Martinez ,thomasryan@example.net,usa,36
1100,Nicole Mack ,brandon32@example.net,USA,29
1101,James Pierce MD ,ngill@example.org,usa,46
1102,Jill Martinez ,annette70@example.net,United States,21
1103,Ethan Reyes ,taylor31@example.com,usa,18
1104,Ashley Roberts ,alyssabarnes@example.com,usa,26
1105,Jose Harrington ,jamesscott@example.net,USA,70
1106,Mark Curry ,kimberly58@example.net,usa,53
1107,Yvonne Reed ,melissa27@example.net,United States,59
1108,Audrey Yates ,gillespieshawn@example.net,usa,44
1109,Cassandra Mitchell ,webbchristine@example.net,United States,49
1110,Jose Watson ,caitlin45@example.org,usa,63
1111,David Gonzales ,johnclements@example.org,usa,49
1112,Eric Lewis ,scott88@example.net,USA,23
1113,Mark Gibbs ,michael58@example.net,United States,19
1114,Felicia Eaton ,rachel45@example.net,USA,36
1115,Shelly Adams ,russell34@example.com,USA,35
1116,Jim Becker ,lgarcia@example.com,USA,52
1117,Robert Oconnor ,sheadaniel@example.net,usa,28
1118,Crystal Clark ,zrichardson@example.org,usa,54
1119,Steven Flowers ,nvazquez@example.org,United States,67
1120,Jennifer Owens ,ubarnes@example.com,usa,53
1121,Timothy Parker ,kevin56@example.com,United States,25
1122,Jessica Walker ,rhuerta@example.org,United States,25
1123,Sonya Harris ,normanscott@example.org,usa,67
1124,Eric Garcia ,jennifer62@example.org,United States,70
1125,Dr. Brian Christensen ,lynncole@example.net,usa,52
1126,David Mclean ,dgarcia@example.org,USA,66
1127,Anthony Bell ,jenniferpowers@example.net,United States,46
1128,Daniel Jensen ,lmerritt@example.com,United States,31
1129,James Chavez ,gonzalezryan@example.net,usa,24
1130,Rebecca Rivera ,castrojennifer@example.net,United States,59
1131,Jill Thomas ,mullinsadrian@example.org,USA,37
1132,Caitlin Bennett ,andreaklein@example.net,USA,46
1133,Scott Gutierrez DDS ,donald90@example.com,usa,40
1134,Carrie Foster ,leejoanne@example.net,USA,46
1135,Thomas Miranda ,xcampbell@example.net,USA,67
1136,Jesse Gonzales ,bpotts@example.com,USA,31
1137,Melissa Garcia ,jose22@example.org,United States,55
1138,Tammy Norman ,phillip23@example.org,United States,40
1139,George Walker ,ganderson@example.org,United States,57
1140,Jessica Duffy ,weavertravis@example.com,United States,45
1141,Teresa Beck ,mark78@example.org,USA,57
1142,Holly Rosales ,ccarter@example.com,USA,68
1143,Shannon Craig ,hthomas@example.org,USA,70
1144,Susan Taylor ,greenkimberly@example.org,USA,69
1145,Jason Smith ,leejennifer@example.com,USA,54
1146,Ronald Sanchez ,ljames@example.com,usa,52
1147,Mark Evans ,fluna@example.net,usa,56
1148,James Barrera ,stephanie33@example.org,United States,28
1149,Jenny Munoz ,murphynicole@example.org,usa,63
1150,Jessica Long ,xparrish@example.com,usa,36
1151,Dana Holt ,robertcastillo@example.org,United States,35
1152,Charles Watkins ,smithemily@example.com,United States,61
1153,Leah Barber ,rachel49@example.net,USA,26
1154,Richard Crawford ,nwebb@example.org,usa,21
1155,Aaron Dixon ,danielolson@example.org,usa,59
1156,Judy Kirk ,laura15@example.org,USA,62
1157,Logan Patterson ,mcgeecarla@example.com,USA,33
1158,Denise Hamilton ,danielmitchell@example.net,USA,63
1159,John Smith ,jimmyrhodes@example.net,usa,33
1160,Elijah Rasmussen ,stacey59@example.org,United States,43
1161,Jessica Collins ,heatherhuang@example.org,usa,27
1162,Melissa Clark ,meganmartin@example.net,United States,58
1163,Theresa Lopez ,mgarcia@example.com,usa,58
1164,Daniel Moody ,shannon49@example.net,usa,42
1165,Marcus Cruz ,redwards@example.net,usa,22
1166,Thomas Hogan ,ljones@example.org,United States,68
1167,Ivan Goodwin ,barnettmartin@example.net,USA,43
1168,Brandon Newton ,sarahrichard@example.org,United States,65
1169,Gary Dickerson ,contrerasscott@example.net,usa,62
1170,Mike Perry ,nicolesmith@example.net,usa,47
1171,Joel Norris ,anna23@example.com,usa,38
1172,Dr. Clarence Edwards ,nelsondebbie@example.org,United States,18
1173,Juan Zhang ,kelly49@example.com,United States,23
1174,Amanda Zavala ,fbrooks@example.com,United States,47
1175,Mr. Brian Alexander ,leahhansen@example.net,United States,60
1176,Samantha Stephens ,kimberlyvega@example.org,United States,40
1177,Mr. Kyle Walter ,williebryant@example.org,USA,68
1178,Denise Scott ,william19@example.com,United States,43
1179,Stacie Hunt ,eparker@example.org,USA,45
1180,Brian Powers ,kimberlystevenson@example.com,USA,49
1181,Kendra Sanders ,kcox@example.net,usa,38
1182,Nathan Bell ,ocook@example.com,usa,39
1183,James Faulkner ,diazdavid@example.net,United States,54
1184,James Morrison ,cross@example.com,USA,54
1185,Marie Herring ,patrickjuarez@example.com,usa,68
1186,Jason Morrow ,ryan58@example.com,usa,61
1187,Leslie Olson ,nespinoza@example.org,USA,20
1188,Shannon Davis ,dhensley@example.net,USA,58
1189,Julie Berry ,dacevedo@example.net,usa,19
1190,Kayla Alvarez ,richardhart@example.net,USA,28
1191,Andre Smith ,ahines@example.net,usa,47
1192,Jenna Davis ,larry16@example.org,USA,45
1193,Anita Huffman ,derekburns@example.org,USA,62
1194,Adam Hart ,jamesmeyer@example.org,USA,59
1195,Daniel Grant ,wbrewer@example.net,usa,28
1196,Jonathan Willis ,petersonleah@example.net,usa,23
1197,Jodi Vaughan ,jamesgomez@example.com,United States,41
1198,Joseph Garcia ,jeffreysmith@example.net,usa,23
1199,Marcus Bailey ,timothymitchell@example.com,usa,60
1200,Dean Miller ,garrett73@example.net,United States,28
1201,Sharon Goodwin ,kfrank@example.org,USA,43
1202,David Douglas ,christopherthomas@example.net,United States,37
1203,Ruth Hawkins ,ocross@example.com,United States,62
1204,Sue Houston ,daustin@example.net,USA,45
1205,David Gallegos ,wgray@example.org,United States,23
1206,Christian Frey ,starkdarren@example.com,United States,24
1207,Joseph King ,angelaeverett@example.org,USA,31
1208,William Gilbert ,tcarlson@example.org,usa,22
1209,Monica Curry ,jacqueline64@example.com,USA,55
1210,Sherry Espinoza ,theresa31@example.net,USA,51
1211,Savannah Nelson ,greerkimberly@example.org,United States,46
1212,Stephanie Alvarez ,tjohnson@example.net,USA,18
1213,Stephanie Johnson ,cortezcatherine@example.com,United States,39
1214,Donna Freeman ,ssmith@example.com,USA,45
1215,Brady Brock ,scottatkins@example.org,United States,26
1216,Makayla Rich ,jessica26@example.net,usa,22
1217,Robert Nolan ,hhill@example.org,USA,42
1218,Carlos White ,richardsonmaxwell@example.net,USA,64
1219,Marcus Phillips ,hfisher@example.net,USA,24
1220,Ronald Jackson ,cindylewis@example.com,usa,41
1221,Jorge Harrison ,jonesdaniel@example.org,usa,26
1222,Alison Haynes ,vicki54@example.com,usa,67
1223,Erin Wolfe ,kathleenhall@example.org,USA,59
1224,Mary Carter ,austinalexander@example.org,United States,27
1225,Caitlin Brooks ,lreed@example.org,USA,51
1226,Eric Kelly ,ebaker@example.com,United States,18
1227,Mark Chandler ,michellekemp@example.org,United States,59
1228,Timothy Leon ,emily40@example.com,USA,46
1229,Joyce Moore ,tyrone67@example.com,usa,64
1230,Kenneth Elliott ,diana07@example.com,USA,58
1231,Destiny Jones ,jmiller@example.org,United States,27
1232,Angela Norman ,robin78@example.org,usa,57
1233,Kathy Smith ,kgraham@example.org,United States,46
1234,Beth Oneill ,jenkinsryan@example.com,USA,23
1235,Kristina Sims ,bruiz@example.com,USA,26
1236,Gerald Christensen ,elizabeth26@example.net,USA,55
1237,Courtney Robles ,ybanks@example.com,United States,42
1238,Bryan Wise ,michael79@example.org,usa,45
1239,Sean Brown ,rachaelbell@example.net,usa,68
1240,Lisa Robinson ,janetmartinez@example.net,USA,33
1241,Allison White ,santosrebecca@example.org,usa,59
1242,Tara Taylor ,jharris@example.net,USA,33
1243,Willie Turner ,ericrichards@example.com,United States,56
1244,Julie Abbott ,ashley63@example.org,United States,64
1245,Brittany Mcdowell ,michaelahale@example.org,United States,36
1246,Jeremy Moore ,taylorpearson@example.org,United States,19
1247,Joshua Gonzalez ,melissa16@example.com,United States,37
1248,Sandra Hoffman ,rodriguezcharlotte@example.org,USA,51
1249,Cristina Gutierrez ,hhuff@example.net,United States,50
1250,Christopher Sherman ,prattjessica@example.net,USA,65
1251,Linda Morris ,wmccarthy@example.com,usa,36
1252,Michael Williams ,scottjoyce@example.net,United States,21
1253,Blake Richardson ,latoya89@example.org,USA,49
1254,Jeffrey Martinez ,gibsonsarah@example.com,usa,25
1255,Teresa Carlson ,cevans@example.org,USA,49
1256,Heather Harris ,jesse95@example.net,United States,56
1257,Dana Mack ,kimberlyshah@example.org,USA,51
1258,Misty Key ,jsanchez@example.com,USA,41
1259,Shane Ruiz ,matawilliam@example.net,usa,26
1260,Teresa Ochoa ,johnsonbrittany@example.com,usa,54
1261,Stephen Castillo ,katherine63@example.org,usa,41
1262,Robert Price ,phillipsdavid@example.com,United States,61
1263,Robert Cooke ,qsmith@example.org,USA,66
1264,Victoria Oconnell ,colelindsey@example.org,usa,67
1265,Leah Meyer ,julia88@example.com,USA,19
1266,Sherri Garcia ,gail13@example.org,United States,22
1267,David Vargas ,sabrinacook@example.net,USA,34
1268,Theresa Tucker ,amanda85@example.net,USA,20
1269,Michelle Arroyo ,brianmontoya@example.com,USA,68
1270,Ms. Stephanie Perry ,williamsrobert@example.com,usa,50
1271,Charles Johnson ,robinsonpatricia@example.org,usa,58
1272,Taylor Massey ,lpena@example.org,United States,50
1273,Katherine Brooks ,isabella13@example.com,usa,45
1274,William Hall ,cheryl46@example.net,United States,43
1275,Matthew Davis ,salinasjeremy@example.net,USA,58
1276,Sarah Barnett ,richardvazquez@example.com,United States,52
1277,Vanessa Warren ,jennifer31@example.net,United States,27
1278,Daniel Oneill ,raymondschroeder@example.org,usa,23
1279,Angela Smith ,schneiderjeffrey@example.org,usa,23
1280,Aaron Tucker ,candrews@example.org,United States,31
1281,Reginald Powell ,bruce98@example.net,USA,52
1282,Cheryl Patterson ,rodriguezclaudia@example.org,usa,43
1283,Stacy Roman ,sydneysanchez@example.com,United States,58
1284,Robert Gonzales ,sharon39@example.net,United States,61
1285,Amy Herrera ,cporter@example.net,United States,22
1286,Monica Sanders ,allenbrandon@example.net,usa,62
1287,Barbara Hammond ,stephaniemoody@example.net,usa,64
1288,Jesse Golden ,taraberg@example.net,USA,21
1289,Dr. Eric Adams ,zhumphrey@example.net,USA,23
1290,Brent Jackson ,dawn00@example.net,usa,25
1291,Christy Cole ,gkramer@example.net,usa,57
1292,Michael Williams ,phillip39@example.org,United States,21
1293,Donald Bartlett ,trevordavis@example.net,usa,60
1294,Heather Cervantes ,plittle@example.com,United States,60
1295,Bryan Chambers ,amcgee@example.net,United States,29
1296,Chase Stewart ,becky65@example.org,USA,18
1297,Joseph Serrano ,taylorprice@example.net,United States,26
1298,Patrick Gould ,dianaconley@example.com,United States,18
1299,Ryan Mendez ,cjennings@example.org,USA,49
1300,Tina Reyes ,sjohnson@example.com,usa,51
1301,Samantha Rojas ,burtonantonio@example.net,United States,68
1302,James Osborne ,ahebert@example.net,United States,34
1303,John Ramirez ,melissa37@example.org,USA,41
1304,Amber Walker ,sancheztimothy@example.net,USA,65
1305,Jessica Dickerson ,jenniferguerrero@example.net,usa,64
1306,Hannah Huff ,michael10@example.net,USA,67
1307,Alec Jones ,carterjames@example.org,USA,39
1308,Stephen Young ,hernandezglen@example.net,usa,35
1309,Daniel Sloan ,erinlopez@example.org,United States,22
1310,Christopher Kirby ,scottross@example.com,usa,63
1311,Jose Williams ,mitchelltara@example.org,United States,58
1312,Paul Miller ,zmartinez@example.net,USA,49
1313,Eric Hart ,fjames@example.com,usa,50
1314,Caroline Hopkins ,iwillis@example.org,usa,21
1315,Ashlee Stevens ,ryan38@example.com,usa,54
1316,Ashley Clark ,mileskim@example.org,USA,41
1317,Bryan Diaz ,teresa52@example.net,USA,34
1318,Matthew Washington ,cainleslie@example.org,USA,54
1319,Carla Garcia ,jamesshaw@example.com,United States,64
1320,Allison Snow ,inelson@example.com,USA,32
1321,Kim Warner ,robertfisher@example.net,United States,50
1322,Mr. Manuel Chandler ,jacksonsteven@example.net,USA,20
1323,Timothy Cherry ,jbowman@example.com,USA,33
1324,Nancy Thomas ,mary45@example.org,USA,48
1325,Shane Morales ,deniseortiz@example.net,usa,42
1326,Diane Norris ,cynthiagarcia@example.net,USA,29
1327,Julian Swanson ,john53@example.com,USA,53
1328,Isaiah Martinez ,kirkstephanie@example.com,United States,65
1329,Jacqueline Gonzalez ,andreapowell@example.com,United States,44
1330,Michael Gonzalez ,mooreshane@example.net,USA,38
1331,Justin Summers ,yolanda70@example.org,USA,44
1332,Katherine Winters ,stephen25@example.net,United States,38
1333,Carrie Pratt ,michaelcastro@example.org,usa,70
1334,Andrew Curry ,wdavis@example.com,USA,54
1335,Susan Olson ,robertjenkins@example.com,usa,25
1336,Marcus Hughes ,thomastyler@example.org,United States,61
1337,William Martinez ,justinwalker@example.org,USA,29
1338,Russell Mckinney ,lwood@example.org,USA,69
1339,Steven Miller ,daviskristopher@example.org,United States,20
1340,Kristen Mccarthy ,ryanwilliams@example.com,usa,22
1341,Diane Perez ,jamesbrooks@example.org,usa,36
1342,Kenneth Ford ,maria29@example.net,usa,38
1343,Jeffrey Rosales ,rjohnson@example.net,USA,53
1344,Stanley Hicks ,nathanielmorrow@example.net,usa,18
1345,Michael Sullivan ,william14@example.com,usa,30
1346,Bridget Bryant ,john40@example.net,usa,54
1347,Katherine Nielsen ,writter@example.org,usa,65
1348,Tonya King ,gmathis@example.org,United States,33
1349,Richard Clark ,andrew57@example.org,usa,41
1350,Kelly Mills ,nicole93@example.org,United States,49
1351,Monica Moore ,oporter@example.net,USA,64
1352,Paul Davis ,lisa47@example.net,United States,66
1353,Xavier Knapp ,yangbarbara@example.com,USA,27
1354,Linda Long ,fergusonamy@example.com,USA,44
1355,William Contreras ,matthewsmith@example.com,USA,32
1356,Denise Vazquez ,richardsrachel@example.org,United States,40
1357,Sheri Maldonado ,smithkathy@example.net,United States,62
1358,Michael Rich ,richard07@example.com,USA,39
1359,Mary Jones ,alisonroberts@example.net,USA,66
1360,James Atkinson ,nicole59@example.com,United States,42
1361,Joshua Garcia ,cowanjasmine@example.net,United States,64
1362,John Cruz ,cynthia80@example.com,usa,24
1363,Stacy Vaughn ,kathryn00@example.org,USA,51
1364,Pamela Lopez ,james87@example.com,USA,44
1365,George Davis ,perezjerry@example.org,usa,21
1366,Lisa Clark ,hollandmartin@example.net,USA,63
1367,Keith Wade ,simssusan@example.net,usa,23
1368,Michelle Thompson ,robertlambert@example.net,USA,32
1369,Misty Miller ,xwiley@example.org,United States,44
1370,Christopher Henry ,michellebauer@example.net,United States,41
1371,Terri Morris ,jason88@example.org,usa,65
1372,James Silva PhD ,jacob62@example.net,USA,55
1373,Shannon Harris ,gvasquez@example.com,USA,50
1374,Denise Evans ,kirstenvalencia@example.org,USA,58
1375,Bruce Taylor ,laura40@example.com,usa,22
1376,Bradley Haynes ,tyler23@example.org,United States,54
1377,Dominique Warner ,corey85@example.net,USA,45
1378,Amy Barnes ,rachelriley@example.com,United States,26
1379,Julie Richards ,agonzales@example.org,USA,36
1380,Mr. Brian Salazar ,joseph08@example.org,usa,38
1381,Drew Castillo ,rroth@example.org,usa,62
1382,George Lewis ,jasongarcia@example.org,United States,38
1383,Samantha Ramirez ,daniel01@example.com,usa,46
1384,Scott Smith ,belindavalencia@example.com,usa,32
1385,Melanie Peterson ,joseph12@example.com,USA,30
1386,Teresa Lopez ,susan09@example.com,USA,67
1387,Melissa Leonard ,elawson@example.net,United States,24
1388,Gregory Newman ,daymartin@example.net,USA,24
1389,Anne Johnston ,uedwards@example.net,USA,46
1390,Robert Gordon ,rcrane@example.org,usa,38
1391,Nicole Yates ,samantha06@example.org,usa,25
1392,Ms. Lindsey Davis ,bruce77@example.net,United States,40
1393,Hannah Flynn ,floydchristopher@example.net,USA,46
1394,Michele Shaffer ,websterbrian@example.org,usa,47
1395,Barbara Lewis ,millerhayden@example.org,usa,25
1396,Jonathan Friedman ,brianvang@example.net,USA,28
1397,Tracey Carlson ,saraacosta@example.com,United States,37
1398,Veronica Blair ,friedmannathan@example.net,United States,62
1399,David Cortez ,maureen75@example.com,United States,20
1400,Taylor Patel ,nhudson@example.com,USA,38
1401,Gary Vargas ,wstanley@example.net,USA,23
1402,Jared Harrison ,jessicadunn@example.com,United States,33
1403,James Larsen ,smithdaniel@example.com,usa,43
1404,Michelle Coleman ,larrybrown@example.com,United States,21
1405,Jennifer Acosta ,michaelphillips@example.com,United States,37
1406,Kyle Porter ,alyssa82@example.net,usa,70
1407,Christopher Fields ,riveratina@example.org,USA,19
1408,Linda Benson ,jeremy69@example.com,usa,46
1409,Henry Nguyen ,colinpayne@example.com,United States,65
1410,Carrie Allen ,darren63@example.net,United States,33
1411,Jessica Pena ,zbrowning@example.com,USA,47
1412,Charles Houston ,kristin14@example.net,USA,69
1413,Richard Fisher ,vbeck@example.org,USA,25
1414,Albert Allen ,john50@example.com,USA,21
1415,Christian Baxter ,danielsnow@example.org,USA,26
1416,Lisa Hernandez ,daniellefinley@example.org,USA,70
1417,Lori Taylor ,greg52@example.org,usa,41
1418,Justin Dougherty ,teresa08@example.net,United States,58
1419,Michelle Hart ,samuel83@example.com,United States,23
1420,Patty Lutz ,warnernathaniel@example.com,United States,55
1421,Kelly Smith ,nicholsonandrew@example.org,usa,70
1422,Dwayne Williams ,cody25@example.org,USA,19
1423,Andrew Harris ,lanejoseph@example.net,USA,30
1424,Margaret Yang ,jaimefreeman@example.com,United States,46
1425,Nicholas Armstrong ,jeffochoa@example.com,USA,23
1426,David Jones ,christophergaines@example.org,usa,25
1427,Alejandro Massey ,csellers@example.net,USA,47
1428,Debra Jones ,samanthadavis@example.org,USA,28
1429,Wendy Smith ,cynthia23@example.net,United States,45
1430,James Reed ,ywolf@example.net,United States,43
1431,Kenneth Stone ,lynnpeterson@example.net,usa,19
1432,Dawn Mayo PhD ,patrick67@example.net,usa,61
1433,Scott West ,anthony73@example.net,usa,29
1434,Emma Huynh ,rebeccachristensen@example.com,usa,31
1435,Tammy Rivera ,ochavez@example.org,USA,35
1436,David Martinez ,thomasdonald@example.org,usa,46
1437,Amanda Chen ,hardypamela@example.org,USA,20
1438,Donna Coleman ,hughesjames@example.org,United States,57
1439,Cody Reynolds ,macosta@example.org,United States,33
1440,Ebony Andrews ,bobgarcia@example.org,United States,36
1441,Melissa Mcdowell ,bethanyrodriguez@example.com,usa,44
1442,Daniel Cortez ,diazveronica@example.org,United States,48
1443,Dr. Oscar Moses DVM ,qjohnson@example.org,USA,23
1444,Jacqueline Beasley ,lori66@example.net,usa,42
1445,Randy Gomez ,stacy14@example.net,USA,44
1446,Melinda Lane ,brianpeterson@example.org,USA,59
1447,Scott Grimes ,angelasmith@example.com,United States,33
1448,Michelle Giles ,jfoster@example.com,United States,69
1449,Paul Harris ,hunter90@example.net,United States,68
1450,Zachary Cook ,tharrison@example.com,USA,42
1451,Joseph Coleman ,dgarrett@example.com,United States,40
1452,Victoria Taylor ,jose74@example.org,usa,52
1453,Brandi Phillips ,rwalker@example.org,usa,40
1454,Michael Randall ,petersentyler@example.net,United States,50
1455,Christopher Dyer ,crystal17@example.com,usa,42
1456,David Hoffman ,hannahmaddox@example.com,usa,29
1457,Bryan Church ,irwineric@example.net,USA,38
1458,Kimberly Whitney ,daviddixon@example.com,United States,32
1459,Alicia Bailey ,lhamilton@example.org,USA,69
1460,Jamie Black ,moorejacob@example.net,usa,21
1461,Natalie Escobar ,shelly42@example.org,usa,51
1462,Rachel Huang ,breanna13@example.org,usa,67
1463,Danielle Jackson ,loriharrington@example.org,United States,32
1464,Joseph Terrell ,fitzgeralderin@example.org,USA,24
1465,Shelley Weber ,hinesstephanie@example.net,USA,60
1466,Lee Mcbride ,allenrobert@example.org,USA,35
1467,Shari Powell ,jessicatodd@example.com,United States,70
1468,Dr. Aaron Vazquez ,maurice94@example.net,United States,21
1469,Michael Harper ,william13@example.com,USA,54
1470,Jane Castaneda ,perkinsmary@example.com,usa,40
1471,Eddie Davis ,meghanhensley@example.com,USA,29
1472,Nichole Silva ,theresa26@example.net,USA,55
1473,Chelsea Thompson ,kdoyle@example.net,usa,69
1474,Robert Sloan ,ashleytodd@example.com,United States,62
1475,Alexis Butler ,nicholsjohn@example.org,usa,55
1476,Madison Gilbert ,oconnortami@example.com,USA,63
1477,Mariah Henderson ,jeanette62@example.com,United States,40
1478,Madeline Short ,wigginsshawn@example.net,United States,54
1479,Roger Campbell ,anne98@example.org,USA,54
1480,Ann Lindsey ,xjohnson@example.org,USA,69
1481,Amy Hendricks ,jennareese@example.com,usa,52
1482,Javier Davis ,tcain@example.com,usa,29
1483,Wendy Williams ,mccoycalvin@example.net,usa,20
1484,Richard Delgado ,qsmith@example.net,USA,21
1485,Amanda Chung ,linda31@example.com,USA,56
1486,Christina Reyes ,ejackson@example.com,USA,19
1487,Patricia Butler ,ashley52@example.net,United States,48
1488,Seth Schwartz ,ashley09@example.org,USA,39
1489,Kelly Mercado ,hoffmansarah@example.net,United States,30
1490,John Gomez ,rodriguezchristina@example.com,USA,39
1491,Kenneth Berger ,masseydanielle@example.org,United States,29
1492,Antonio Le ,rodgersjoshua@example.org,usa,21
1493,Adam Ryan ,dustin33@example.org,USA,27
1494,Andrew Newman ,michael07@example.com,United States,63
1495,Gregory Ball ,collinsmelissa@example.org,USA,67
1496,Katie Walker ,butlerkari@example.com,USA,51
1497,Cameron Smith MD ,christinebriggs@example.org,usa,22
1498,Christina Gordon ,sandy91@example.org,usa,63
1499,Christopher Landry DVM ,qcharles@example.org,United States,43
1500,Michael Mcneil ,karencannon@example.org,United States,24
1501,Mary Jackson ,jerryholmes@example.com,usa,37
1502,Jose Prince ,hillteresa@example.net,usa,26
1503,Chelsey Peterson ,schultzsarah@example.org,USA,64
1504,Jennifer Cuevas ,paul06@example.net,usa,68
1505,Denise Mccoy ,morrisjoshua@example.net,United States,49
1506,Calvin Rice MD ,kimberly28@example.org,United States,38
1507,Mrs. Sara Fuller MD ,wilsonbrooke@example.net,USA,63
1508,Sabrina Baldwin ,comptonjill@example.net,United States,62
1509,Valerie Davis ,moraleskenneth@example.com,United States,68
1510,Susan Rubio ,kmoore@example.com,usa,32
1511,Lauren Hahn ,morananita@example.net,United States,55
1512,Matthew Joseph ,jesse92@example.net,USA,42
1513,Tyler Frank ,newtonmonica@example.net,usa,64
1514,George Hall ,xmunoz@example.com,United States,36
1515,Jorge Mcfarland ,christopher00@example.net,USA,29
1516,Ryan Evans ,victorking@example.net,United States,18
1517,Patrick Hunt ,mindygilbert@example.org,United States,54
1518,Jennifer Massey ,wscott@example.net,usa,67
1519,Alexander Moss ,jasonsanders@example.org,United States,20
1520,Dr. William Lowe MD ,allisonbridges@example.net,USA,56
1521,Mr. Troy Mayo ,mark20@example.org,usa,69
1522,Christine Harris ,pattersonlarry@example.org,United States,32
1523,Tammy Day ,petersoncharles@example.net,United States,54
1524,Veronica Webb ,juliemartinez@example.net,USA,49
1525,Kathryn Cox ,dphelps@example.com,USA,39
1526,Rebecca Taylor ,ryanmorrow@example.net,United States,22
1527,Peter Henson ,vrussell@example.net,USA,40
1528,Ryan Cooper ,madisongould@example.com,usa,28
1529,Travis Lewis ,yvetteruiz@example.org,United States,23
1530,Michael Newton ,baileymichelle@example.net,United States,60
1531,Richard Thomas ,david05@example.com,United States,64
1532,Elaine Smith ,jessicafrazier@example.net,usa,46
1533,Kimberly Elliott ,john06@example.net,USA,34
1534,Ms. Lindsay Thornton ,dwayne00@example.net,USA,33
1535,William Hines ,gwood@example.net,United States,22
1536,Mary Davis ,kimberlysmith@example.org,usa,34
1537,Frank Scott ,khenry@example.net,USA,64
1538,Dakota Oconnell MD ,dwaynescott@example.com,USA,21
1539,Cindy Nelson ,robinsonnicholas@example.com,usa,46
1540,Timothy Caldwell ,fferguson@example.com,United States,44
1541,Frank Morrison ,victoria99@example.org,USA,44
1542,Cory Martinez ,hrodgers@example.com,usa,42
1543,Kevin Franklin ,khernandez@example.com,usa,52
1544,Jeffrey Thomas ,krystalsanders@example.com,usa,24
1545,Kurt Brooks ,martingeorge@example.org,usa,68
1546,Penny Ramirez ,dwalls@example.net,United States,59
1547,Jeff Rice ,jenniferwhite@example.org,United States,32
1548,Mary Jones ,dduke@example.net,USA,46
1549,Phillip Soto ,umaddox@example.net,USA,69
1550,Pamela Terry ,williamsmonica@example.com,USA,36
1551,Thomas Salazar ,dianarice@example.org,USA,38
1552,James Robles ,qcalderon@example.com,usa,24
1553,Erica Anderson ,corey83@example.com,USA,39
1554,Rachel Mcmahon ,lynchryan@example.org,USA,42
1555,Patrick Bruce ,cassidy93@example.org,USA,64
1556,Shannon Wright ,andrewsdaniel@example.org,USA,53
1557,Victoria Frederick ,wward@example.net,USA,39
1558,Kristin Barton ,angela10@example.com,United States,57
1559,Loretta Smith ,connertyler@example.net,usa,63
1560,Phillip Salazar ,silvajohn@example.net,USA,45
1561,Michael Anderson ,teresa93@example.com,United States,28
1562,Timothy Wilkinson ,madelinehanson@example.net,United States,45
1563,Javier Mccormick ,matthew85@example.net,USA,21
1564,Tyler Stephens ,renee50@example.net,USA,39
1565,Mary Nelson ,pharmon@example.com,USA,30
1566,Joshua Howard ,moodydanielle@example.org,usa,62
1567,Brianna Boyle ,amahoney@example.com,United States,64
1568,Joseph Phillips ,donald12@example.net,United States,52
1569,Anna Williams ,klane@example.net,usa,60
1570,Tammy Chambers ,kingjesse@example.net,usa,37
1571,Francis Foster ,uhernandez@example.org,USA,24
1572,Christina Wright ,amymclaughlin@example.org,USA,43
1573,Joshua Lopez ,alvaradokendra@example.org,United States,53
1574,Devin Obrien ,melissa17@example.org,usa,27
1575,Rebecca Cole ,misty56@example.com,USA,41
1576,Jason Barker ,willie43@example.com,USA,45
1577,Tina Jackson ,william21@example.org,USA,36
1578,Brandon Valencia ,thomas90@example.net,United States,58
1579,Joshua Brown ,omontgomery@example.com,United States,48
1580,Cathy Allen ,sean46@example.net,USA,24
1581,Roberto Warren ,emilyfoster@example.net,USA,31
1582,Sarah Johnson ,susanjohnson@example.com,USA,58
1583,Dennis Dominguez ,williamsmadison@example.net,usa,23
1584,Allison Weber ,wortiz@example.org,usa,25
1585,Justin Meyers ,williamrobinson@example.net,usa,68
1586,William Castro PhD ,laura21@example.com,usa,48
1587,Christopher Wilson ,vreynolds@example.net,usa,60
1588,Jennifer Smith ,grobinson@example.com,usa,23
1589,Michael Vega ,travis33@example.net,United States,52
1590,Jamie Summers ,sking@example.net,usa,29
1591,Mark Nelson ,brooke12@example.net,usa,42
1592,Linda Flores ,nicole46@example.net,usa,29
1593,Michele Price ,polsen@example.com,usa,20
1594,Mark Griffin ,fday@example.com,usa,46
1595,Jerry Duffy ,hectorbradley@example.com,usa,34
1596,Emily Sanders ,ajohnson@example.net,USA,35
1597,Nancy Parker ,jillian07@example.com,United States,21
1598,Samantha Skinner ,justin22@example.org,USA,66
1599,Amanda Parker ,billyespinoza@example.net,United States,60
1600,Denise Perry ,marissa68@example.net,USA,23
1601,Jacqueline Williams ,steven02@example.org,United States,40
1602,John Cantu ,johnvalenzuela@example.org,United States,44
1603,Robin Ramirez ,benjaminsanchez@example.org,United States,32
1604,Jerry Bond ,nathan98@example.org,United States,21
1605,Sandra Hall ,annflores@example.net,usa,70
1606,John Steele ,vrichardson@example.org,United States,44
1607,Tracey Brown ,bwilson@example.com,United States,61
1608,Deborah Hardy ,jasmine33@example.net,usa,54
1609,Jessica Bowman ,wongabigail@example.org,USA,48
1610,Stacy Avila ,sue00@example.net,usa,23
1611,Mark Thompson ,baileysarah@example.org,usa,63
1612,James Johnson ,calebwarren@example.net,USA,50
1613,Joshua Jackson ,cbarnes@example.com,United States,51
1614,Garrett Diaz ,drojas@example.org,United States,61
1615,Stephanie Richmond ,lewischristopher@example.org,United States,27
1616,Tanner Peters ,michael80@example.net,USA,66
1617,Joshua Ward ,uhall@example.org,usa,29
1618,Bonnie Robinson ,kelly20@example.com,USA,31
1619,Jennifer Arroyo ,richardssuzanne@example.net,USA,26
1620,Amanda Parrish ,jasongreen@example.net,USA,45
1621,Dawn Thompson ,ashley10@example.org,USA,61
1622,Robin Schaefer ,gutierrezmarissa@example.net,usa,30
1623,Lauren Ross ,usanders@example.com,United States,27
1624,Alexandra Gutierrez ,onovak@example.com,United States,34
1625,Jeffrey Brown ,villanuevajuan@example.net,usa,64
1626,John Griffin ,morristamara@example.net,USA,23
1627,Tricia Cowan ,carterstephen@example.org,usa,53
1628,Michael Zuniga ,carlcole@example.com,usa,53
1629,Anthony Baker ,garyramsey@example.net,usa,35
1630,Kelly Brown ,leslie09@example.net,United States,47
1631,Jessica Sanchez ,villajasmine@example.com,USA,68
1632,Cody Livingston ,hawkinsbrittany@example.net,United States,57
1633,Isabel Weber ,jonathon13@example.com,United States,51
1634,Ashley Robertson ,caseythomas@example.com,usa,25
1635,Darlene Davis ,eyoung@example.com,usa,27
1636,Ebony Johnson ,brianwilliamson@example.com,USA,54
1637,Victoria Fleming ,zlee@example.net,United States,55
1638,Elizabeth Lewis ,hunterrodriguez@example.org,USA,24
1639,Jose Hodge ,kellywright@example.org,United States,67
1640,Courtney Gilbert ,millermegan@example.net,USA,68
1641,Austin Montoya ,wvelez@example.net,usa,52
1642,Calvin Castillo ,joshuamoore@example.org,usa,44
1643,Kirk Richardson ,jeffreyjohnson@example.net,usa,42
1644,Joseph Gordon ,wthomas@example.org,United States,49
1645,Heidi Brown ,christopher06@example.org,United States,56
1646,Debra Dawson ,thomasjames@example.org,usa,20
1647,Catherine Yoder ,jeffrey17@example.com,USA,35
1648,Eric Sanders ,gwilliams@example.com,usa,27
1649,Michael Bradley ,pjohnson@example.net,United States,56
1650,Melissa Baker ,joelchristensen@example.net,United States,62
1651,Madison Thornton ,ywright@example.com,usa,20
1652,Cynthia Davis ,bakernicole@example.org,usa,39
1653,Courtney David ,nbrewer@example.net,United States,33
1654,Martha Peterson ,ywright@example.org,USA,65
1655,Philip Sutton ,jacobsmichael@example.com,usa,35
1656,Jessica Ford ,rebecca75@example.org,usa,19
1657,Joshua Cisneros ,richardgilbert@example.com,usa,70
1658,Patricia Moreno ,aguilartyler@example.org,usa,37
1659,Richard Stevens ,john24@example.com,usa,49
1660,Scott Williams ,baldwinkaren@example.org,United States,61
1661,Jerome Liu ,lunaapril@example.org,USA,32
1662,Mr. Timothy Brown Jr. ,georgehiggins@example.net,USA,37
1663,Ronald Shepard ,amy93@example.net,United States,46
1664,Isaiah Hurst ,jessicaking@example.org,usa,35
1665,Miguel Lewis ,barrerapeter@example.net,United States,44
1666,Donald Barnes ,krista86@example.com,United States,59
1667,Steven Jones ,bflores@example.net,USA,30
1668,Charles Nelson ,fcox@example.org,usa,31
1669,Brooke Kim ,dillondanny@example.net,usa,65
1670,Steve Castillo ,stephensonandrew@example.net,usa,66
1671,Joseph Moore ,ryan39@example.org,United States,41
1672,Shelley Hubbard ,madeline71@example.com,USA,50
1673,Jessica Becker ,hday@example.org,USA,22
1674,Anthony Cardenas ,michael38@example.org,usa,63
1675,Timothy Anderson ,ahall@example.net,United States,43
1676,Lindsey Grant ,conleymeredith@example.com,USA,67
1677,Anthony Sanchez ,michael34@example.net,United States,54
1678,Robert Williams ,jcastro@example.org,USA,29
1679,Kayla Martin ,johnsbryan@example.com,USA,30
1680,Martha Lane ,scottbarbara@example.com,USA,33
1681,Elizabeth Burke ,qmiller@example.org,USA,47
1682,Alicia West ,weberkimberly@example.net,USA,41
1683,Alex Edwards ,jeffreyspears@example.com,United States,30
1684,Madison Bailey ,thomas55@example.net,usa,41
1685,Ann Brown ,williamsanita@example.net,usa,50
1686,Debra Haley ,keith75@example.com,usa,58
1687,William Knapp ,johnkelly@example.com,USA,61
1688,Rachel Massey ,brad26@example.net,USA,33
1689,Joshua Williams ,fryrichard@example.org,usa,49
1690,Justin Wells DVM ,jessicadillon@example.com,United States,46
1691,Diane Chang ,vgonzalez@example.org,USA,48
1692,Carrie Wiley ,ljackson@example.net,United States,53
1693,Jeffrey Mercer ,diane67@example.org,usa,40
1694,Tracy Hernandez ,olivia69@example.com,USA,34
1695,Joseph Riley ,monicaholden@example.net,United States,62
1696,Tara Ward ,laura16@example.net,USA,36
1697,Henry Vazquez ,jessicaharding@example.com,USA,42
1698,Marvin Cole ,aliciaferguson@example.com,USA,28
1699,Christopher Mitchell ,randysoto@example.net,United States,67
1700,Patrick Coleman ,javiermason@example.net,USA,32
1701,Jennifer Webb ,dennis69@example.org,United States,32
1702,Alexis White ,madison33@example.org,United States,31
1703,Anne Burke ,johnsonrobert@example.com,usa,59
1704,Steven Cummings ,qadams@example.org,usa,50
1705,Chelsea Lewis ,anavarro@example.org,USA,67
1706,Matthew Leach ,mcbridedrew@example.net,United States,18
1707,Nathan Watts ,stevenlee@example.com,usa,26
1708,Marc Long ,jonesveronica@example.net,United States,29
1709,Amy Mcguire ,vangnicole@example.org,United States,69
1710,Julia Colon ,johnfigueroa@example.com,USA,32
1711,Roy Gross ,wayers@example.org,usa,56
1712,Charles Ramos ,collinskendra@example.net,usa,63
1713,Bethany Henderson ,davidharrison@example.org,United States,59
1714,Brenda Mckenzie ,hernandezbrian@example.com,usa,45
1715,Mark Orr ,stephanie56@example.net,usa,40
1716,Adam Jackson ,stevendavis@example.org,usa,34
1717,Brandy Holland ,lbanks@example.org,USA,47
1718,Shelby Miles ,jared64@example.net,usa,61
1719,Laura Everett ,sandra79@example.com,United States,70
1720,Andrew Garrett ,brittany49@example.net,United States,43
1721,Jose Weiss ,nicholas91@example.net,United States,24
1722,Jeremy Johnson ,stephanie79@example.net,USA,50
1723,Joseph Smith ,bryantlaura@example.org,United States,41
1724,Carl Clark ,gregoryreilly@example.net,United States,59
1725,Lisa Ramsey ,kelly53@example.net,United States,56
1726,John Smith ,michelemueller@example.org,usa,37
1727,Sara Hall ,faith85@example.org,United States,24
1728,Daniel Scott ,lopezmichael@example.org,usa,22
1729,Aaron Brewer ,lewisdanielle@example.com,usa,35
1730,Melissa Dominguez ,tchen@example.net,United States,38
1731,Eric Gordon ,curtiswilson@example.net,usa,34
1732,Jessica Lopez ,michael59@example.net,United States,63
1733,Anthony Brewer ,ggarcia@example.org,United States,37
1734,Gregory Lowe ,williamsamy@example.com,USA,27
1735,Vanessa Carter ,michellelong@example.org,United States,66
1736,Angela Kent ,hailey97@example.net,USA,21
1737,Scott Jones ,jillnorman@example.com,United States,43
1738,Crystal Gomez ,robinsontodd@example.org,United States,38
1739,Jason Mckee ,jessicaroy@example.com,United States,26
1740,Tara Garza ,howeandrew@example.net,United States,19
1741,Joshua Klein ,martinezconnie@example.org,United States,49
1742,Victoria Martinez ,jamesmunoz@example.com,usa,34
1743,Jaclyn Lang ,timothy62@example.net,usa,43
1744,John Jackson ,karenmiller@example.com,usa,65
1745,Alvin Davis ,katherinemartinez@example.net,USA,55
1746,Nancy Boyd ,jdavis@example.org,United States,54
1747,Erin Ortega ,hollywarren@example.org,USA,39
1748,Dr. Christopher Washington ,amber40@example.com,United States,63
1749,Mr. Kyle Rodriguez ,martinbentley@example.org,USA,61
1750,James Johnson ,tbailey@example.com,United States,58
1751,Pamela Frederick ,evansseth@example.com,usa,60
1752,Cindy Kim ,hsmith@example.org,usa,50
1753,Nicole Edwards ,johnmeza@example.org,usa,28
1754,Allison Simmons ,lambjohn@example.org,United States,53
1755,Scott Morgan ,harringtonnicholas@example.net,USA,36
1756,Keith Roberts ,ingramjeanne@example.net,USA,48
1757,Michael Hawkins ,ericarice@example.net,USA,65
1758,Randy Powell ,bgross@example.org,usa,64
1759,Susan Wright ,hernandezcynthia@example.net,United States,66
1760,Cody Chan ,christine64@example.net,USA,61
1761,Timothy Allen ,april75@example.org,usa,59
1762,Sarah Sullivan ,evansjeffrey@example.com,USA,32
1763,Justin Willis ,jessica43@example.org,usa,32
1764,Anita Lewis ,brandon55@example.org,United States,37
1765,Karen Smith ,nicole25@example.com,usa,68
1766,Ian Collins ,peter36@example.net,usa,41
1767,Paula Frye ,vhart@example.org,usa,55
1768,Gary Walker ,revans@example.com,usa,47
1769,Sandra Whitney ,christine33@example.com,USA,48
1770,Gary Phillips ,brendawilliams@example.net,USA,58
1771,Heather Taylor ,liuerin@example.com,United States,55
1772,Mike Gallegos ,robertsonamy@example.org,United States,22
1773,Natalie Brown ,johnlopez@example.net,usa,30
1774,Emily Sutton ,fallen@example.com,United States,25
1775,Sarah Sexton ,jose88@example.com,United States,42
1776,Brian Schmidt MD ,steve64@example.net,United States,37
1777,Alexandra Jarvis ,powellsamantha@example.org,usa,21
1778,Ashley Rojas ,dennisallen@example.net,USA,26
1779,Jessica Nicholson ,olsonadam@example.net,USA,39
1780,Natasha West MD ,melissacarpenter@example.org,usa,54
1781,Jodi Graves ,seanvelazquez@example.org,usa,27
1782,Sarah Smith ,lbrown@example.net,usa,63
1783,Nancy Nelson ,hlewis@example.com,USA,67
1784,Abigail Hoffman ,hpayne@example.net,USA,49
1785,Robert Harris ,leerobinson@example.org,usa,58
1786,Amber Vega ,brodriguez@example.org,USA,38
1787,Kim Howard ,jeremydonovan@example.net,United States,21
1788,David Reed ,thompsonmichele@example.net,USA,46
1789,Thomas Sullivan ,jacqueline03@example.org,usa,31
1790,Alexander Watson ,hmeyers@example.net,USA,54
1791,Jacob Johnson ,jennifer49@example.net,USA,49
1792,Andrew Jackson ,burkekaren@example.com,USA,26
1793,Mr. Patrick Bailey ,duffyjessica@example.com,United States,45
1794,Johnny Hernandez ,johnkennedy@example.com,United States,45
1795,Bobby Mitchell ,alison87@example.com,usa,45
1796,Matthew Bennett ,nguyenalejandro@example.net,usa,42
1797,Heather Moore ,matthewcox@example.com,USA,20
1798,Madison Nash ,kennethgeorge@example.com,United States,30
1799,Michael Guerra ,johnsonsuzanne@example.net,United States,41
1800,Jasmine Rodriguez ,munozalyssa@example.org,USA,38
1801,Katie Thompson ,samantha51@example.com,United States,30
1802,Alan Scott ,cunninghamdenise@example.org,USA,61
1803,Michael Thompson ,collinsrichard@example.net,USA,58
1804,Paul Rice ,howardjacob@example.com,United States,33
1805,Russell Lang ,kharris@example.com,USA,62
1806,Dennis Gibson ,garciamarcia@example.net,usa,37
1807,Jeremy Jackson ,madisontaylor@example.com,USA,24
1808,Christopher Reyes ,williamjordan@example.com,usa,50
1809,Jennifer Chang ,mthornton@example.com,United States,37
1810,Ashley Jones ,thomas67@example.com,USA,22
1811,Joyce Morgan ,jenniferpayne@example.net,USA,37
1812,Julie Nguyen ,blake59@example.com,usa,47
1813,Joyce Graham ,stephen78@example.net,United States,51
1814,Troy Russell ,sandra00@example.net,United States,51
1815,Kimberly Fitzgerald ,hortoncathy@example.net,usa,45
1816,Lindsay Peterson ,jessicabrown@example.net,United States,26
1817,Shawn Parsons ,todd19@example.net,usa,49
1818,Dominic Moore ,rodriguezchelsea@example.com,usa,66
1819,Timothy Watson ,austin37@example.org,USA,28
1820,Richard Singh ,brittanyclarke@example.org,usa,19
1821,Amber Braun ,cochranbenjamin@example.org,USA,32
1822,Logan Brown ,troy43@example.org,United States,26
1823,Jordan Oneal ,johnny40@example.com,USA,64
1824,Patricia Harrison ,vicki96@example.org,USA,55
1825,William Wilson IV ,nicole44@example.net,United States,28
1826,Deborah Cole ,ndavis@example.com,USA,41
1827,Joseph Zuniga ,davidvazquez@example.org,United States,59
1828,Michael Rose ,smithelizabeth@example.com,USA,42
1829,Janet Leach ,tony14@example.net,United States,34
1830,Manuel Herrera ,scunningham@example.net,United States,57
1831,Robert Day ,larellano@example.org,USA,56
1832,Jacob Smith ,steven02@example.net,USA,60
1833,Brittney Cox ,schroederscott@example.org,USA,59
1834,Timothy Zamora ,beltranheather@example.com,USA,21
1835,Deborah Warren ,ublack@example.org,United States,25
1836,Danny Wang ,andersonkaitlin@example.com,usa,46
1837,Ashley Robles ,odavis@example.com,usa,25
1838,Rachel Nguyen ,lrobles@example.net,United States,34
1839,Reginald Martinez ,michael06@example.com,usa,62
1840,David Thomas ,cindywade@example.com,USA,31
1841,Daniel Fowler ,dgordon@example.net,United States,61
1842,Courtney Jones ,jasonparker@example.net,United States,18
1843,Michael Brown ,trevinostephanie@example.net,usa,44
1844,Kimberly Becker ,jlewis@example.net,United States,24
1845,Cynthia Tran ,jennifer92@example.com,United States,51
1846,Jennifer Crane ,chambersjonathan@example.com,usa,57
1847,Samantha Smith ,sydneyarmstrong@example.net,United States,62
1848,Krystal Braun ,amanda23@example.org,USA,44
1849,Jeffrey Herrera ,lmyers@example.net,USA,50
1850,Jeffrey Collins ,scott15@example.com,United States,57
1851,Carrie Mcgee ,alanhampton@example.org,USA,36
1852,Cassandra Velazquez ,amyli@example.net,USA,68
1853,Amber Jones ,wrightjustin@example.org,USA,49
1854,Austin Brennan ,kjohnson@example.com,USA,56
1855,Sarah Roman ,coxjoanna@example.net,USA,67
1856,Sara Phillips ,kellydebbie@example.com,usa,51
1857,Kevin Lamb ,ashley86@example.org,USA,40
1858,Julie Hudson ,craigburch@example.com,United States,44
1859,Caleb Peters ,kennethmitchell@example.org,usa,28
1860,Ana Wilkerson ,imacias@example.com,USA,53
1861,Ricky Baldwin ,erikadixon@example.net,usa,31
1862,Sarah Ward ,barry65@example.org,United States,48
1863,Lindsay Lopez ,parksjacob@example.org,usa,33
1864,Joseph Brown ,mferguson@example.com,USA,18
1865,Michael Yu ,shannonrichardson@example.com,United States,23
1866,Scott Davis ,idavis@example.net,USA,54
1867,Anita Price ,hilltimothy@example.com,United States,49
1868,Ashley Garcia ,jamiereed@example.org,USA,23
1869,Jill Norton ,batesluis@example.com,United States,22
1870,Sandra Townsend ,ostanley@example.net,United States,64
1871,James Allen ,amyhunter@example.com,USA,34
1872,Richard Andersen ,hjohnson@example.org,United States,32
1873,Wesley Savage ,pamelahansen@example.net,usa,36
1874,John Cole ,williamsmitchell@example.org,usa,47
1875,Chelsea Williams ,james77@example.org,USA,24
1876,Lisa Phillips ,hannahbrewer@example.com,USA,20
1877,Zachary Flores ,vickiekaiser@example.org,usa,41
1878,Frank Hanson ,kim04@example.net,United States,38
1879,Jeff Mitchell ,patrick97@example.net,usa,65
1880,Megan Mills ,richardleonard@example.net,USA,24
1881,Mike Robles ,brookelopez@example.com,USA,18
1882,Dennis Roth ,cynthiahoward@example.org,USA,60
1883,Kim Contreras ,lgarner@example.org,United States,28
1884,Danielle Dunn ,burkekevin@example.org,usa,40
1885,Katherine Cobb ,wwatts@example.com,usa,57
1886,Morgan Brown ,rhondathomas@example.org,usa,64
1887,Kayla Lopez ,carlsonchristian@example.net,USA,41
1888,Melissa Gonzalez ,omarcarpenter@example.net,usa,29
1889,John Reynolds ,pottermatthew@example.org,USA,43
1890,Rebecca Gray ,byrdvincent@example.org,usa,47
1891,Robert Lopez ,luisgeorge@example.net,usa,42
1892,Richard James ,david93@example.com,United States,48
1893,Vincent Russell ,mark03@example.net,usa,59
1894,Jesus Ray ,charles37@example.org,USA,25
1895,Rachel Stevens ,arodriguez@example.org,USA,62
1896,Jessica Green ,carrie13@example.net,United States,21
1897,Maria Pham ,brittany03@example.net,USA,24
1898,Maria Cook ,coopermike@example.net,usa,55
1899,Tracy Brown ,rosariozachary@example.com,usa,69
1900,Gail Lee ,deborah10@example.org,United States,61
1901,Jeffrey Morales ,cohenkenneth@example.com,usa,29
1902,Alexander Smith ,jonescarla@example.net,United States,42
1903,Krystal Alvarez ,colemanveronica@example.com,usa,57
1904,Amanda Duncan ,abaxter@example.net,USA,61
1905,April Parks ,zwilson@example.com,United States,26
1906,Michael Mcdonald ,eturner@example.com,usa,49
1907,Ashley Burton ,anna98@example.net,USA,44
1908,Brittney Taylor ,lnorman@example.net,usa,20
1909,Amanda Moran ,austin94@example.org,USA,34
1910,John Robles ,andrea73@example.com,United States,38
1911,Erin Melton ,jessica20@example.com,USA,63
1912,James Hurst ,cmaldonado@example.com,United States,51
1913,Roger Mendez ,charles36@example.com,United States,54
1914,Michael Sullivan ,cpaul@example.net,United States,54
1915,Annette Vaughn ,wilsonangela@example.net,USA,60
1916,Marc Bryan ,crystal89@example.com,usa,51
1917,William Moyer ,mendozasara@example.net,United States,62
1918,Amy Bryant ,daniellejones@example.org,United States,57
1919,Christopher Gregory ,michelle20@example.net,USA,45
1920,Jessica Snyder ,comptongilbert@example.com,United States,64
1921,Lindsey Jackson ,richard22@example.net,USA,48
1922,Sandra Nelson ,jharris@example.net,usa,60
1923,Stacy Garcia ,westcolton@example.com,United States,59
1924,Shannon Blankenship ,laura55@example.com,usa,27
1925,Lisa Hansen ,hoganpamela@example.org,United States,57
1926,Tina Robertson ,karenswanson@example.org,USA,18
1927,Courtney Richard ,shannon59@example.org,United States,28
1928,Beth Floyd ,whall@example.net,United States,48
1929,Erika Woodward ,debra74@example.org,usa,28
1930,Adam Page ,fletcherpatricia@example.net,USA,66
1931,Daniel Wagner ,saraholsen@example.net,usa,38
1932,John Blackburn ,cwhite@example.org,USA,39
1933,Mary Fleming ,carlatownsend@example.net,usa,21
1934,Charles Cisneros ,perezmary@example.org,United States,32
1935,Benjamin Kim ,joseph06@example.com,United States,59
1936,Monica Watts ,connerrachel@example.com,usa,43
1937,Douglas Garcia ,grahammichelle@example.com,USA,23
1938,Megan Miller ,pevans@example.net,usa,46
1939,Melinda Harris ,michaelmcguire@example.org,United States,46
1940,Jason Smith ,rose98@example.net,USA,49
1941,Brittany Williamson ,ejohnson@example.net,usa,38
1942,Cassandra Logan ,rosefoster@example.org,USA,49
1943,Melvin Carr ,delacruzlaura@example.com,United States,59
1944,Katrina Baxter ,hrobinson@example.com,USA,24
1945,Richard Bell ,meganbrown@example.net,usa,44
1946,Devin Mcclure ,katierussell@example.com,USA,53
1947,Maria Ellison ,omercado@example.org,United States,18
1948,Kevin Dickson ,vlee@example.org,USA,68
1949,Scott Smith Jr. ,vmaxwell@example.net,United States,57
1950,Melissa Pope ,jmueller@example.org,United States,37
1951,Rachel Rodriguez ,andersonlauren@example.org,United States,53
1952,Chelsey Wilson ,fisheralexandria@example.org,USA,59
1953,Erin Morgan ,ricardoadams@example.com,United States,47
1954,Meghan Phillips ,alanwoods@example.net,usa,41
1955,Marie Mcdonald ,patrickwilliam@example.net,USA,70
1956,Elizabeth Haynes ,rodneycarlson@example.net,USA,47
1957,Kelly Evans ,alvarezeileen@example.net,usa,53
1958,Dr. Sarah Banks ,maria61@example.com,United States,56
1959,Sara Cook ,ramirezchristina@example.org,usa,63
1960,Carolyn Mcmahon ,josephhansen@example.org,United States,41
1961,Taylor Wallace ,duranwayne@example.org,United States,46
1962,Megan Jones ,heathercampbell@example.com,USA,24
1963,Stacey Garcia ,kelly92@example.com,United States,32
1964,Cynthia Brown ,chamberskyle@example.org,USA,39
1965,Brian Gomez ,riverapeter@example.org,usa,58
1966,Charles Grant ,zacevedo@example.com,usa,53
1967,Wanda Sanchez ,jlove@example.org,United States,41
1968,Michelle Leon ,jharris@example.com,United States,24
1969,Darrell Black ,shannon23@example.org,USA,28
1970,Wayne Graham ,nicholsdavid@example.net,usa,26
1971,Michele Gray ,lee78@example.org,United States,65
1972,Lori White ,rodriguezjerry@example.com,United States,44
1973,Ellen Fletcher ,qlowe@example.org,USA,34
1974,Heather Long ,acallahan@example.net,United States,30
1975,Martin Wilkins ,ricky51@example.com,USA,25
1976,Oscar Valentine ,vnichols@example.net,usa,31
1977,Christopher Peters ,holdenjoshua@example.net,usa,70
1978,Mark Foley ,xpineda@example.com,USA,63
1979,Tiffany Knight ,stephanie38@example.net,usa,24
1980,Allen Rivera ,patrickrivers@example.com,usa,20
1981,Olivia Cruz ,davidcampbell@example.net,United States,61
1982,Anna Lee ,martinezaaron@example.net,United States,25
1983,Bonnie Hicks ,ksmith@example.org,usa,47
1984,Monica Robinson ,marquezjacob@example.org,United States,55
1985,Andrew Lutz ,jack31@example.org,United States,26
1986,Melissa Lopez ,amymorgan@example.org,usa,18
1987,Matthew Hammond ,buckjuan@example.com,United States,65
1988,Brian Wheeler ,wrobinson@example.org,USA,53
1989,Michele Figueroa ,youngpaula@example.net,usa,55
1990,George Peterson ,jeanhaynes@example.net,usa,50
1991,Nicole Rowe ,smithlori@example.org,USA,62
1992,Patricia Mcknight ,yangmeredith@example.org,United States,29
1993,Dr. Jeffrey Moses ,beckervincent@example.com,United States,70
1994,Justin Newman ,cordovamatthew@example.com,USA,24
1995,Michelle Wright ,christopher56@example.com,usa,60
1996,Jennifer Coleman ,debralucero@example.org,United States,56
1997,Brittany Frank ,allisontownsend@example.org,usa,50
1998,Albert Edwards ,shelley78@example.net,usa,44
1999,Robert Mccoy ,julia23@example.net,United States,62
2000,Timothy Glover ,natasha74@example.org,USA,35
